,0,1,2,3,4,5,6,7,8,9,10
0,1.28065,1.21662,1.15579,1.098,1.0431,0.99094,0.9414,0.89433,0.84961,0.80713,0.76677
1,1.28065,1.21662,1.15579,1.098,1.0431,0.99094,0.9414,0.89433,0.84961,0.80713,0.84749
2,1.28065,1.21662,1.15579,1.098,1.0431,0.99094,0.9414,0.89433,0.84961,0.89209,0.84749
3,1.28065,1.21662,1.15579,1.098,1.0431,0.99094,0.9414,0.89433,0.84961,0.89209,0.93669
4,1.28065,1.21662,1.15579,1.098,1.0431,0.99094,0.9414,0.89433,0.93904,0.89209,0.84749
5,1.28065,1.21662,1.15579,1.098,1.0431,0.99094,0.9414,0.89433,0.93904,0.89209,0.93669
6,1.28065,1.21662,1.15579,1.098,1.0431,0.99094,0.9414,0.89433,0.93904,0.98599,0.93669
7,1.28065,1.21662,1.15579,1.098,1.0431,0.99094,0.9414,0.89433,0.93904,0.98599,1.03529
8,1.28065,1.21662,1.15579,1.098,1.0431,0.99094,0.9414,0.98847,0.93904,0.89209,0.84749
9,1.28065,1.21662,1.15579,1.098,1.0431,0.99094,0.9414,0.98847,0.93904,0.89209,0.93669
10,1.28065,1.21662,1.15579,1.098,1.0431,0.99094,0.9414,0.98847,0.93904,0.98599,0.93669
11,1.28065,1.21662,1.15579,1.098,1.0431,0.99094,0.9414,0.98847,0.93904,0.98599,1.03529
12,1.28065,1.21662,1.15579,1.098,1.0431,0.99094,0.9414,0.98847,1.03789,0.98599,0.93669
13,1.28065,1.21662,1.15579,1.098,1.0431,0.99094,0.9414,0.98847,1.03789,0.98599,1.03529
14,1.28065,1.21662,1.15579,1.098,1.0431,0.99094,0.9414,0.98847,1.03789,1.08978,1.03529
15,1.28065,1.21662,1.15579,1.098,1.0431,0.99094,0.9414,0.98847,1.03789,1.08978,1.14427
16,1.28065,1.21662,1.15579,1.098,1.0431,0.99094,1.04049,0.98847,0.93904,0.89209,0.84749
17,1.28065,1.21662,1.15579,1.098,1.0431,0.99094,1.04049,0.98847,0.93904,0.89209,0.93669
18,1.28065,1.21662,1.15579,1.098,1.0431,0.99094,1.04049,0.98847,0.93904,0.98599,0.93669
19,1.28065,1.21662,1.15579,1.098,1.0431,0.99094,1.04049,0.98847,0.93904,0.98599,1.03529
20,1.28065,1.21662,1.15579,1.098,1.0431,0.99094,1.04049,0.98847,1.03789,0.98599,0.93669
21,1.28065,1.21662,1.15579,1.098,1.0431,0.99094,1.04049,0.98847,1.03789,0.98599,1.03529
22,1.28065,1.21662,1.15579,1.098,1.0431,0.99094,1.04049,0.98847,1.03789,1.08978,1.03529
23,1.28065,1.21662,1.15579,1.098,1.0431,0.99094,1.04049,0.98847,1.03789,1.08978,1.14427
24,1.28065,1.21662,1.15579,1.098,1.0431,0.99094,1.04049,1.09251,1.03789,0.98599,0.93669
25,1.28065,1.21662,1.15579,1.098,1.0431,0.99094,1.04049,1.09251,1.03789,0.98599,1.03529
26,1.28065,1.21662,1.15579,1.098,1.0431,0.99094,1.04049,1.09251,1.03789,1.08978,1.03529
27,1.28065,1.21662,1.15579,1.098,1.0431,0.99094,1.04049,1.09251,1.03789,1.08978,1.14427
28,1.28065,1.21662,1.15579,1.098,1.0431,0.99094,1.04049,1.09251,1.14714,1.08978,1.03529
29,1.28065,1.21662,1.15579,1.098,1.0431,0.99094,1.04049,1.09251,1.14714,1.08978,1.14427
30,1.28065,1.21662,1.15579,1.098,1.0431,0.99094,1.04049,1.09251,1.14714,1.2045,1.14427
31,1.28065,1.21662,1.15579,1.098,1.0431,0.99094,1.04049,1.09251,1.14714,1.2045,1.26472
32,1.28065,1.21662,1.15579,1.098,1.0431,1.09525,1.04049,0.98847,0.93904,0.89209,0.84749
33,1.28065,1.21662,1.15579,1.098,1.0431,1.09525,1.04049,0.98847,0.93904,0.89209,0.93669
34,1.28065,1.21662,1.15579,1.098,1.0431,1.09525,1.04049,0.98847,0.93904,0.98599,0.93669
35,1.28065,1.21662,1.15579,1.098,1.0431,1.09525,1.04049,0.98847,0.93904,0.98599,1.03529
36,1.28065,1.21662,1.15579,1.098,1.0431,1.09525,1.04049,0.98847,1.03789,0.98599,0.93669
37,1.28065,1.21662,1.15579,1.098,1.0431,1.09525,1.04049,0.98847,1.03789,0.98599,1.03529
38,1.28065,1.21662,1.15579,1.098,1.0431,1.09525,1.04049,0.98847,1.03789,1.08978,1.03529
39,1.28065,1.21662,1.15579,1.098,1.0431,1.09525,1.04049,0.98847,1.03789,1.08978,1.14427
40,1.28065,1.21662,1.15579,1.098,1.0431,1.09525,1.04049,1.09251,1.03789,0.98599,0.93669
41,1.28065,1.21662,1.15579,1.098,1.0431,1.09525,1.04049,1.09251,1.03789,0.98599,1.03529
42,1.28065,1.21662,1.15579,1.098,1.0431,1.09525,1.04049,1.09251,1.03789,1.08978,1.03529
43,1.28065,1.21662,1.15579,1.098,1.0431,1.09525,1.04049,1.09251,1.03789,1.08978,1.14427
44,1.28065,1.21662,1.15579,1.098,1.0431,1.09525,1.04049,1.09251,1.14714,1.08978,1.03529
45,1.28065,1.21662,1.15579,1.098,1.0431,1.09525,1.04049,1.09251,1.14714,1.08978,1.14427
46,1.28065,1.21662,1.15579,1.098,1.0431,1.09525,1.04049,1.09251,1.14714,1.2045,1.14427
47,1.28065,1.21662,1.15579,1.098,1.0431,1.09525,1.04049,1.09251,1.14714,1.2045,1.26472
48,1.28065,1.21662,1.15579,1.098,1.0431,1.09525,1.15001,1.09251,1.03789,0.98599,0.93669
49,1.28065,1.21662,1.15579,1.098,1.0431,1.09525,1.15001,1.09251,1.03789,0.98599,1.03529
50,1.28065,1.21662,1.15579,1.098,1.0431,1.09525,1.15001,1.09251,1.03789,1.08978,1.03529
51,1.28065,1.21662,1.15579,1.098,1.0431,1.09525,1.15001,1.09251,1.03789,1.08978,1.14427
52,1.28065,1.21662,1.15579,1.098,1.0431,1.09525,1.15001,1.09251,1.14714,1.08978,1.03529
53,1.28065,1.21662,1.15579,1.098,1.0431,1.09525,1.15001,1.09251,1.14714,1.08978,1.14427
54,1.28065,1.21662,1.15579,1.098,1.0431,1.09525,1.15001,1.09251,1.14714,1.2045,1.14427
55,1.28065,1.21662,1.15579,1.098,1.0431,1.09525,1.15001,1.09251,1.14714,1.2045,1.26472
56,1.28065,1.21662,1.15579,1.098,1.0431,1.09525,1.15001,1.20752,1.14714,1.08978,1.03529
57,1.28065,1.21662,1.15579,1.098,1.0431,1.09525,1.15001,1.20752,1.14714,1.08978,1.14427
58,1.28065,1.21662,1.15579,1.098,1.0431,1.09525,1.15001,1.20752,1.14714,1.2045,1.14427
59,1.28065,1.21662,1.15579,1.098,1.0431,1.09525,1.15001,1.20752,1.14714,1.2045,1.26472
60,1.28065,1.21662,1.15579,1.098,1.0431,1.09525,1.15001,1.20752,1.26789,1.2045,1.14427
61,1.28065,1.21662,1.15579,1.098,1.0431,1.09525,1.15001,1.20752,1.26789,1.2045,1.26472
62,1.28065,1.21662,1.15579,1.098,1.0431,1.09525,1.15001,1.20752,1.26789,1.33129,1.26472
63,1.28065,1.21662,1.15579,1.098,1.0431,1.09525,1.15001,1.20752,1.26789,1.33129,1.39785
64,1.28065,1.21662,1.15579,1.098,1.1529,1.09525,1.04049,0.98847,0.93904,0.89209,0.84749
65,1.28065,1.21662,1.15579,1.098,1.1529,1.09525,1.04049,0.98847,0.93904,0.89209,0.93669
66,1.28065,1.21662,1.15579,1.098,1.1529,1.09525,1.04049,0.98847,0.93904,0.98599,0.93669
67,1.28065,1.21662,1.15579,1.098,1.1529,1.09525,1.04049,0.98847,0.93904,0.98599,1.03529
68,1.28065,1.21662,1.15579,1.098,1.1529,1.09525,1.04049,0.98847,1.03789,0.98599,0.93669
69,1.28065,1.21662,1.15579,1.098,1.1529,1.09525,1.04049,0.98847,1.03789,0.98599,1.03529
70,1.28065,1.21662,1.15579,1.098,1.1529,1.09525,1.04049,0.98847,1.03789,1.08978,1.03529
71,1.28065,1.21662,1.15579,1.098,1.1529,1.09525,1.04049,0.98847,1.03789,1.08978,1.14427
72,1.28065,1.21662,1.15579,1.098,1.1529,1.09525,1.04049,1.09251,1.03789,0.98599,0.93669
73,1.28065,1.21662,1.15579,1.098,1.1529,1.09525,1.04049,1.09251,1.03789,0.98599,1.03529
74,1.28065,1.21662,1.15579,1.098,1.1529,1.09525,1.04049,1.09251,1.03789,1.08978,1.03529
75,1.28065,1.21662,1.15579,1.098,1.1529,1.09525,1.04049,1.09251,1.03789,1.08978,1.14427
76,1.28065,1.21662,1.15579,1.098,1.1529,1.09525,1.04049,1.09251,1.14714,1.08978,1.03529
77,1.28065,1.21662,1.15579,1.098,1.1529,1.09525,1.04049,1.09251,1.14714,1.08978,1.14427
78,1.28065,1.21662,1.15579,1.098,1.1529,1.09525,1.04049,1.09251,1.14714,1.2045,1.14427
79,1.28065,1.21662,1.15579,1.098,1.1529,1.09525,1.04049,1.09251,1.14714,1.2045,1.26472
80,1.28065,1.21662,1.15579,1.098,1.1529,1.09525,1.15001,1.09251,1.03789,0.98599,0.93669
81,1.28065,1.21662,1.15579,1.098,1.1529,1.09525,1.15001,1.09251,1.03789,0.98599,1.03529
82,1.28065,1.21662,1.15579,1.098,1.1529,1.09525,1.15001,1.09251,1.03789,1.08978,1.03529
83,1.28065,1.21662,1.15579,1.098,1.1529,1.09525,1.15001,1.09251,1.03789,1.08978,1.14427
84,1.28065,1.21662,1.15579,1.098,1.1529,1.09525,1.15001,1.09251,1.14714,1.08978,1.03529
85,1.28065,1.21662,1.15579,1.098,1.1529,1.09525,1.15001,1.09251,1.14714,1.08978,1.14427
86,1.28065,1.21662,1.15579,1.098,1.1529,1.09525,1.15001,1.09251,1.14714,1.2045,1.14427
87,1.28065,1.21662,1.15579,1.098,1.1529,1.09525,1.15001,1.09251,1.14714,1.2045,1.26472
88,1.28065,1.21662,1.15579,1.098,1.1529,1.09525,1.15001,1.20752,1.14714,1.08978,1.03529
89,1.28065,1.21662,1.15579,1.098,1.1529,1.09525,1.15001,1.20752,1.14714,1.08978,1.14427
90,1.28065,1.21662,1.15579,1.098,1.1529,1.09525,1.15001,1.20752,1.14714,1.2045,1.14427
91,1.28065,1.21662,1.15579,1.098,1.1529,1.09525,1.15001,1.20752,1.14714,1.2045,1.26472
92,1.28065,1.21662,1.15579,1.098,1.1529,1.09525,1.15001,1.20752,1.26789,1.2045,1.14427
93,1.28065,1.21662,1.15579,1.098,1.1529,1.09525,1.15001,1.20752,1.26789,1.2045,1.26472
94,1.28065,1.21662,1.15579,1.098,1.1529,1.09525,1.15001,1.20752,1.26789,1.33129,1.26472
95,1.28065,1.21662,1.15579,1.098,1.1529,1.09525,1.15001,1.20752,1.26789,1.33129,1.39785
96,1.28065,1.21662,1.15579,1.098,1.1529,1.21054,1.15001,1.09251,1.03789,0.98599,0.93669
97,1.28065,1.21662,1.15579,1.098,1.1529,1.21054,1.15001,1.09251,1.03789,0.98599,1.03529
98,1.28065,1.21662,1.15579,1.098,1.1529,1.21054,1.15001,1.09251,1.03789,1.08978,1.03529
99,1.28065,1.21662,1.15579,1.098,1.1529,1.21054,1.15001,1.09251,1.03789,1.08978,1.14427
100,1.28065,1.21662,1.15579,1.098,1.1529,1.21054,1.15001,1.09251,1.14714,1.08978,1.03529
101,1.28065,1.21662,1.15579,1.098,1.1529,1.21054,1.15001,1.09251,1.14714,1.08978,1.14427
102,1.28065,1.21662,1.15579,1.098,1.1529,1.21054,1.15001,1.09251,1.14714,1.2045,1.14427
103,1.28065,1.21662,1.15579,1.098,1.1529,1.21054,1.15001,1.09251,1.14714,1.2045,1.26472
104,1.28065,1.21662,1.15579,1.098,1.1529,1.21054,1.15001,1.20752,1.14714,1.08978,1.03529
105,1.28065,1.21662,1.15579,1.098,1.1529,1.21054,1.15001,1.20752,1.14714,1.08978,1.14427
106,1.28065,1.21662,1.15579,1.098,1.1529,1.21054,1.15001,1.20752,1.14714,1.2045,1.14427
107,1.28065,1.21662,1.15579,1.098,1.1529,1.21054,1.15001,1.20752,1.14714,1.2045,1.26472
108,1.28065,1.21662,1.15579,1.098,1.1529,1.21054,1.15001,1.20752,1.26789,1.2045,1.14427
109,1.28065,1.21662,1.15579,1.098,1.1529,1.21054,1.15001,1.20752,1.26789,1.2045,1.26472
110,1.28065,1.21662,1.15579,1.098,1.1529,1.21054,1.15001,1.20752,1.26789,1.33129,1.26472
111,1.28065,1.21662,1.15579,1.098,1.1529,1.21054,1.15001,1.20752,1.26789,1.33129,1.39785
112,1.28065,1.21662,1.15579,1.098,1.1529,1.21054,1.27107,1.20752,1.14714,1.08978,1.03529
113,1.28065,1.21662,1.15579,1.098,1.1529,1.21054,1.27107,1.20752,1.14714,1.08978,1.14427
114,1.28065,1.21662,1.15579,1.098,1.1529,1.21054,1.27107,1.20752,1.14714,1.2045,1.14427
115,1.28065,1.21662,1.15579,1.098,1.1529,1.21054,1.27107,1.20752,1.14714,1.2045,1.26472
116,1.28065,1.21662,1.15579,1.098,1.1529,1.21054,1.27107,1.20752,1.26789,1.2045,1.14427
117,1.28065,1.21662,1.15579,1.098,1.1529,1.21054,1.27107,1.20752,1.26789,1.2045,1.26472
118,1.28065,1.21662,1.15579,1.098,1.1529,1.21054,1.27107,1.20752,1.26789,1.33129,1.26472
119,1.28065,1.21662,1.15579,1.098,1.1529,1.21054,1.27107,1.20752,1.26789,1.33129,1.39785
120,1.28065,1.21662,1.15579,1.098,1.1529,1.21054,1.27107,1.33462,1.26789,1.2045,1.14427
121,1.28065,1.21662,1.15579,1.098,1.1529,1.21054,1.27107,1.33462,1.26789,1.2045,1.26472
122,1.28065,1.21662,1.15579,1.098,1.1529,1.21054,1.27107,1.33462,1.26789,1.33129,1.26472
123,1.28065,1.21662,1.15579,1.098,1.1529,1.21054,1.27107,1.33462,1.26789,1.33129,1.39785
124,1.28065,1.21662,1.15579,1.098,1.1529,1.21054,1.27107,1.33462,1.40135,1.33129,1.26472
125,1.28065,1.21662,1.15579,1.098,1.1529,1.21054,1.27107,1.33462,1.40135,1.33129,1.39785
126,1.28065,1.21662,1.15579,1.098,1.1529,1.21054,1.27107,1.33462,1.40135,1.47142,1.39785
127,1.28065,1.21662,1.15579,1.098,1.1529,1.21054,1.27107,1.33462,1.40135,1.47142,1.54499
128,1.28065,1.21662,1.15579,1.21358,1.1529,1.09525,1.04049,0.98847,0.93904,0.89209,0.84749
129,1.28065,1.21662,1.15579,1.21358,1.1529,1.09525,1.04049,0.98847,0.93904,0.89209,0.93669
130,1.28065,1.21662,1.15579,1.21358,1.1529,1.09525,1.04049,0.98847,0.93904,0.98599,0.93669
131,1.28065,1.21662,1.15579,1.21358,1.1529,1.09525,1.04049,0.98847,0.93904,0.98599,1.03529
132,1.28065,1.21662,1.15579,1.21358,1.1529,1.09525,1.04049,0.98847,1.03789,0.98599,0.93669
133,1.28065,1.21662,1.15579,1.21358,1.1529,1.09525,1.04049,0.98847,1.03789,0.98599,1.03529
134,1.28065,1.21662,1.15579,1.21358,1.1529,1.09525,1.04049,0.98847,1.03789,1.08978,1.03529
135,1.28065,1.21662,1.15579,1.21358,1.1529,1.09525,1.04049,0.98847,1.03789,1.08978,1.14427
136,1.28065,1.21662,1.15579,1.21358,1.1529,1.09525,1.04049,1.09251,1.03789,0.98599,0.93669
137,1.28065,1.21662,1.15579,1.21358,1.1529,1.09525,1.04049,1.09251,1.03789,0.98599,1.03529
138,1.28065,1.21662,1.15579,1.21358,1.1529,1.09525,1.04049,1.09251,1.03789,1.08978,1.03529
139,1.28065,1.21662,1.15579,1.21358,1.1529,1.09525,1.04049,1.09251,1.03789,1.08978,1.14427
140,1.28065,1.21662,1.15579,1.21358,1.1529,1.09525,1.04049,1.09251,1.14714,1.08978,1.03529
141,1.28065,1.21662,1.15579,1.21358,1.1529,1.09525,1.04049,1.09251,1.14714,1.08978,1.14427
142,1.28065,1.21662,1.15579,1.21358,1.1529,1.09525,1.04049,1.09251,1.14714,1.2045,1.14427
143,1.28065,1.21662,1.15579,1.21358,1.1529,1.09525,1.04049,1.09251,1.14714,1.2045,1.26472
144,1.28065,1.21662,1.15579,1.21358,1.1529,1.09525,1.15001,1.09251,1.03789,0.98599,0.93669
145,1.28065,1.21662,1.15579,1.21358,1.1529,1.09525,1.15001,1.09251,1.03789,0.98599,1.03529
146,1.28065,1.21662,1.15579,1.21358,1.1529,1.09525,1.15001,1.09251,1.03789,1.08978,1.03529
147,1.28065,1.21662,1.15579,1.21358,1.1529,1.09525,1.15001,1.09251,1.03789,1.08978,1.14427
148,1.28065,1.21662,1.15579,1.21358,1.1529,1.09525,1.15001,1.09251,1.14714,1.08978,1.03529
149,1.28065,1.21662,1.15579,1.21358,1.1529,1.09525,1.15001,1.09251,1.14714,1.08978,1.14427
150,1.28065,1.21662,1.15579,1.21358,1.1529,1.09525,1.15001,1.09251,1.14714,1.2045,1.14427
151,1.28065,1.21662,1.15579,1.21358,1.1529,1.09525,1.15001,1.09251,1.14714,1.2045,1.26472
152,1.28065,1.21662,1.15579,1.21358,1.1529,1.09525,1.15001,1.20752,1.14714,1.08978,1.03529
153,1.28065,1.21662,1.15579,1.21358,1.1529,1.09525,1.15001,1.20752,1.14714,1.08978,1.14427
154,1.28065,1.21662,1.15579,1.21358,1.1529,1.09525,1.15001,1.20752,1.14714,1.2045,1.14427
155,1.28065,1.21662,1.15579,1.21358,1.1529,1.09525,1.15001,1.20752,1.14714,1.2045,1.26472
156,1.28065,1.21662,1.15579,1.21358,1.1529,1.09525,1.15001,1.20752,1.26789,1.2045,1.14427
157,1.28065,1.21662,1.15579,1.21358,1.1529,1.09525,1.15001,1.20752,1.26789,1.2045,1.26472
158,1.28065,1.21662,1.15579,1.21358,1.1529,1.09525,1.15001,1.20752,1.26789,1.33129,1.26472
159,1.28065,1.21662,1.15579,1.21358,1.1529,1.09525,1.15001,1.20752,1.26789,1.33129,1.39785
160,1.28065,1.21662,1.15579,1.21358,1.1529,1.21054,1.15001,1.09251,1.03789,0.98599,0.93669
161,1.28065,1.21662,1.15579,1.21358,1.1529,1.21054,1.15001,1.09251,1.03789,0.98599,1.03529
162,1.28065,1.21662,1.15579,1.21358,1.1529,1.21054,1.15001,1.09251,1.03789,1.08978,1.03529
163,1.28065,1.21662,1.15579,1.21358,1.1529,1.21054,1.15001,1.09251,1.03789,1.08978,1.14427
164,1.28065,1.21662,1.15579,1.21358,1.1529,1.21054,1.15001,1.09251,1.14714,1.08978,1.03529
165,1.28065,1.21662,1.15579,1.21358,1.1529,1.21054,1.15001,1.09251,1.14714,1.08978,1.14427
166,1.28065,1.21662,1.15579,1.21358,1.1529,1.21054,1.15001,1.09251,1.14714,1.2045,1.14427
167,1.28065,1.21662,1.15579,1.21358,1.1529,1.21054,1.15001,1.09251,1.14714,1.2045,1.26472
168,1.28065,1.21662,1.15579,1.21358,1.1529,1.21054,1.15001,1.20752,1.14714,1.08978,1.03529
169,1.28065,1.21662,1.15579,1.21358,1.1529,1.21054,1.15001,1.20752,1.14714,1.08978,1.14427
170,1.28065,1.21662,1.15579,1.21358,1.1529,1.21054,1.15001,1.20752,1.14714,1.2045,1.14427
171,1.28065,1.21662,1.15579,1.21358,1.1529,1.21054,1.15001,1.20752,1.14714,1.2045,1.26472
172,1.28065,1.21662,1.15579,1.21358,1.1529,1.21054,1.15001,1.20752,1.26789,1.2045,1.14427
173,1.28065,1.21662,1.15579,1.21358,1.1529,1.21054,1.15001,1.20752,1.26789,1.2045,1.26472
174,1.28065,1.21662,1.15579,1.21358,1.1529,1.21054,1.15001,1.20752,1.26789,1.33129,1.26472
175,1.28065,1.21662,1.15579,1.21358,1.1529,1.21054,1.15001,1.20752,1.26789,1.33129,1.39785
176,1.28065,1.21662,1.15579,1.21358,1.1529,1.21054,1.27107,1.20752,1.14714,1.08978,1.03529
177,1.28065,1.21662,1.15579,1.21358,1.1529,1.21054,1.27107,1.20752,1.14714,1.08978,1.14427
178,1.28065,1.21662,1.15579,1.21358,1.1529,1.21054,1.27107,1.20752,1.14714,1.2045,1.14427
179,1.28065,1.21662,1.15579,1.21358,1.1529,1.21054,1.27107,1.20752,1.14714,1.2045,1.26472
180,1.28065,1.21662,1.15579,1.21358,1.1529,1.21054,1.27107,1.20752,1.26789,1.2045,1.14427
181,1.28065,1.21662,1.15579,1.21358,1.1529,1.21054,1.27107,1.20752,1.26789,1.2045,1.26472
182,1.28065,1.21662,1.15579,1.21358,1.1529,1.21054,1.27107,1.20752,1.26789,1.33129,1.26472
183,1.28065,1.21662,1.15579,1.21358,1.1529,1.21054,1.27107,1.20752,1.26789,1.33129,1.39785
184,1.28065,1.21662,1.15579,1.21358,1.1529,1.21054,1.27107,1.33462,1.26789,1.2045,1.14427
185,1.28065,1.21662,1.15579,1.21358,1.1529,1.21054,1.27107,1.33462,1.26789,1.2045,1.26472
186,1.28065,1.21662,1.15579,1.21358,1.1529,1.21054,1.27107,1.33462,1.26789,1.33129,1.26472
187,1.28065,1.21662,1.15579,1.21358,1.1529,1.21054,1.27107,1.33462,1.26789,1.33129,1.39785
188,1.28065,1.21662,1.15579,1.21358,1.1529,1.21054,1.27107,1.33462,1.40135,1.33129,1.26472
189,1.28065,1.21662,1.15579,1.21358,1.1529,1.21054,1.27107,1.33462,1.40135,1.33129,1.39785
190,1.28065,1.21662,1.15579,1.21358,1.1529,1.21054,1.27107,1.33462,1.40135,1.47142,1.39785
191,1.28065,1.21662,1.15579,1.21358,1.1529,1.21054,1.27107,1.33462,1.40135,1.47142,1.54499
192,1.28065,1.21662,1.15579,1.21358,1.27425,1.21054,1.15001,1.09251,1.03789,0.98599,0.93669
193,1.28065,1.21662,1.15579,1.21358,1.27425,1.21054,1.15001,1.09251,1.03789,0.98599,1.03529
194,1.28065,1.21662,1.15579,1.21358,1.27425,1.21054,1.15001,1.09251,1.03789,1.08978,1.03529
195,1.28065,1.21662,1.15579,1.21358,1.27425,1.21054,1.15001,1.09251,1.03789,1.08978,1.14427
196,1.28065,1.21662,1.15579,1.21358,1.27425,1.21054,1.15001,1.09251,1.14714,1.08978,1.03529
197,1.28065,1.21662,1.15579,1.21358,1.27425,1.21054,1.15001,1.09251,1.14714,1.08978,1.14427
198,1.28065,1.21662,1.15579,1.21358,1.27425,1.21054,1.15001,1.09251,1.14714,1.2045,1.14427
199,1.28065,1.21662,1.15579,1.21358,1.27425,1.21054,1.15001,1.09251,1.14714,1.2045,1.26472
200,1.28065,1.21662,1.15579,1.21358,1.27425,1.21054,1.15001,1.20752,1.14714,1.08978,1.03529
201,1.28065,1.21662,1.15579,1.21358,1.27425,1.21054,1.15001,1.20752,1.14714,1.08978,1.14427
202,1.28065,1.21662,1.15579,1.21358,1.27425,1.21054,1.15001,1.20752,1.14714,1.2045,1.14427
203,1.28065,1.21662,1.15579,1.21358,1.27425,1.21054,1.15001,1.20752,1.14714,1.2045,1.26472
204,1.28065,1.21662,1.15579,1.21358,1.27425,1.21054,1.15001,1.20752,1.26789,1.2045,1.14427
205,1.28065,1.21662,1.15579,1.21358,1.27425,1.21054,1.15001,1.20752,1.26789,1.2045,1.26472
206,1.28065,1.21662,1.15579,1.21358,1.27425,1.21054,1.15001,1.20752,1.26789,1.33129,1.26472
207,1.28065,1.21662,1.15579,1.21358,1.27425,1.21054,1.15001,1.20752,1.26789,1.33129,1.39785
208,1.28065,1.21662,1.15579,1.21358,1.27425,1.21054,1.27107,1.20752,1.14714,1.08978,1.03529
209,1.28065,1.21662,1.15579,1.21358,1.27425,1.21054,1.27107,1.20752,1.14714,1.08978,1.14427
210,1.28065,1.21662,1.15579,1.21358,1.27425,1.21054,1.27107,1.20752,1.14714,1.2045,1.14427
211,1.28065,1.21662,1.15579,1.21358,1.27425,1.21054,1.27107,1.20752,1.14714,1.2045,1.26472
212,1.28065,1.21662,1.15579,1.21358,1.27425,1.21054,1.27107,1.20752,1.26789,1.2045,1.14427
213,1.28065,1.21662,1.15579,1.21358,1.27425,1.21054,1.27107,1.20752,1.26789,1.2045,1.26472
214,1.28065,1.21662,1.15579,1.21358,1.27425,1.21054,1.27107,1.20752,1.26789,1.33129,1.26472
215,1.28065,1.21662,1.15579,1.21358,1.27425,1.21054,1.27107,1.20752,1.26789,1.33129,1.39785
216,1.28065,1.21662,1.15579,1.21358,1.27425,1.21054,1.27107,1.33462,1.26789,1.2045,1.14427
217,1.28065,1.21662,1.15579,1.21358,1.27425,1.21054,1.27107,1.33462,1.26789,1.2045,1.26472
218,1.28065,1.21662,1.15579,1.21358,1.27425,1.21054,1.27107,1.33462,1.26789,1.33129,1.26472
219,1.28065,1.21662,1.15579,1.21358,1.27425,1.21054,1.27107,1.33462,1.26789,1.33129,1.39785
220,1.28065,1.21662,1.15579,1.21358,1.27425,1.21054,1.27107,1.33462,1.40135,1.33129,1.26472
221,1.28065,1.21662,1.15579,1.21358,1.27425,1.21054,1.27107,1.33462,1.40135,1.33129,1.39785
222,1.28065,1.21662,1.15579,1.21358,1.27425,1.21054,1.27107,1.33462,1.40135,1.47142,1.39785
223,1.28065,1.21662,1.15579,1.21358,1.27425,1.21054,1.27107,1.33462,1.40135,1.47142,1.54499
224,1.28065,1.21662,1.15579,1.21358,1.27425,1.33797,1.27107,1.20752,1.14714,1.08978,1.03529
225,1.28065,1.21662,1.15579,1.21358,1.27425,1.33797,1.27107,1.20752,1.14714,1.08978,1.14427
226,1.28065,1.21662,1.15579,1.21358,1.27425,1.33797,1.27107,1.20752,1.14714,1.2045,1.14427
227,1.28065,1.21662,1.15579,1.21358,1.27425,1.33797,1.27107,1.20752,1.14714,1.2045,1.26472
228,1.28065,1.21662,1.15579,1.21358,1.27425,1.33797,1.27107,1.20752,1.26789,1.2045,1.14427
229,1.28065,1.21662,1.15579,1.21358,1.27425,1.33797,1.27107,1.20752,1.26789,1.2045,1.26472
230,1.28065,1.21662,1.15579,1.21358,1.27425,1.33797,1.27107,1.20752,1.26789,1.33129,1.26472
231,1.28065,1.21662,1.15579,1.21358,1.27425,1.33797,1.27107,1.20752,1.26789,1.33129,1.39785
232,1.28065,1.21662,1.15579,1.21358,1.27425,1.33797,1.27107,1.33462,1.26789,1.2045,1.14427
233,1.28065,1.21662,1.15579,1.21358,1.27425,1.33797,1.27107,1.33462,1.26789,1.2045,1.26472
234,1.28065,1.21662,1.15579,1.21358,1.27425,1.33797,1.27107,1.33462,1.26789,1.33129,1.26472
235,1.28065,1.21662,1.15579,1.21358,1.27425,1.33797,1.27107,1.33462,1.26789,1.33129,1.39785
236,1.28065,1.21662,1.15579,1.21358,1.27425,1.33797,1.27107,1.33462,1.40135,1.33129,1.26472
237,1.28065,1.21662,1.15579,1.21358,1.27425,1.33797,1.27107,1.33462,1.40135,1.33129,1.39785
238,1.28065,1.21662,1.15579,1.21358,1.27425,1.33797,1.27107,1.33462,1.40135,1.47142,1.39785
239,1.28065,1.21662,1.15579,1.21358,1.27425,1.33797,1.27107,1.33462,1.40135,1.47142,1.54499
240,1.28065,1.21662,1.15579,1.21358,1.27425,1.33797,1.40487,1.33462,1.26789,1.2045,1.14427
241,1.28065,1.21662,1.15579,1.21358,1.27425,1.33797,1.40487,1.33462,1.26789,1.2045,1.26472
242,1.28065,1.21662,1.15579,1.21358,1.27425,1.33797,1.40487,1.33462,1.26789,1.33129,1.26472
243,1.28065,1.21662,1.15579,1.21358,1.27425,1.33797,1.40487,1.33462,1.26789,1.33129,1.39785
244,1.28065,1.21662,1.15579,1.21358,1.27425,1.33797,1.40487,1.33462,1.40135,1.33129,1.26472
245,1.28065,1.21662,1.15579,1.21358,1.27425,1.33797,1.40487,1.33462,1.40135,1.33129,1.39785
246,1.28065,1.21662,1.15579,1.21358,1.27425,1.33797,1.40487,1.33462,1.40135,1.47142,1.39785
247,1.28065,1.21662,1.15579,1.21358,1.27425,1.33797,1.40487,1.33462,1.40135,1.47142,1.54499
248,1.28065,1.21662,1.15579,1.21358,1.27425,1.33797,1.40487,1.47511,1.40135,1.33129,1.26472
249,1.28065,1.21662,1.15579,1.21358,1.27425,1.33797,1.40487,1.47511,1.40135,1.33129,1.39785
250,1.28065,1.21662,1.15579,1.21358,1.27425,1.33797,1.40487,1.47511,1.40135,1.47142,1.39785
251,1.28065,1.21662,1.15579,1.21358,1.27425,1.33797,1.40487,1.47511,1.40135,1.47142,1.54499
252,1.28065,1.21662,1.15579,1.21358,1.27425,1.33797,1.40487,1.47511,1.54886,1.47142,1.39785
253,1.28065,1.21662,1.15579,1.21358,1.27425,1.33797,1.40487,1.47511,1.54886,1.47142,1.54499
254,1.28065,1.21662,1.15579,1.21358,1.27425,1.33797,1.40487,1.47511,1.54886,1.62631,1.54499
255,1.28065,1.21662,1.15579,1.21358,1.27425,1.33797,1.40487,1.47511,1.54886,1.62631,1.70762
256,1.28065,1.21662,1.27745,1.21358,1.1529,1.09525,1.04049,0.98847,0.93904,0.89209,0.84749
257,1.28065,1.21662,1.27745,1.21358,1.1529,1.09525,1.04049,0.98847,0.93904,0.89209,0.93669
258,1.28065,1.21662,1.27745,1.21358,1.1529,1.09525,1.04049,0.98847,0.93904,0.98599,0.93669
259,1.28065,1.21662,1.27745,1.21358,1.1529,1.09525,1.04049,0.98847,0.93904,0.98599,1.03529
260,1.28065,1.21662,1.27745,1.21358,1.1529,1.09525,1.04049,0.98847,1.03789,0.98599,0.93669
261,1.28065,1.21662,1.27745,1.21358,1.1529,1.09525,1.04049,0.98847,1.03789,0.98599,1.03529
262,1.28065,1.21662,1.27745,1.21358,1.1529,1.09525,1.04049,0.98847,1.03789,1.08978,1.03529
263,1.28065,1.21662,1.27745,1.21358,1.1529,1.09525,1.04049,0.98847,1.03789,1.08978,1.14427
264,1.28065,1.21662,1.27745,1.21358,1.1529,1.09525,1.04049,1.09251,1.03789,0.98599,0.93669
265,1.28065,1.21662,1.27745,1.21358,1.1529,1.09525,1.04049,1.09251,1.03789,0.98599,1.03529
266,1.28065,1.21662,1.27745,1.21358,1.1529,1.09525,1.04049,1.09251,1.03789,1.08978,1.03529
267,1.28065,1.21662,1.27745,1.21358,1.1529,1.09525,1.04049,1.09251,1.03789,1.08978,1.14427
268,1.28065,1.21662,1.27745,1.21358,1.1529,1.09525,1.04049,1.09251,1.14714,1.08978,1.03529
269,1.28065,1.21662,1.27745,1.21358,1.1529,1.09525,1.04049,1.09251,1.14714,1.08978,1.14427
270,1.28065,1.21662,1.27745,1.21358,1.1529,1.09525,1.04049,1.09251,1.14714,1.2045,1.14427
271,1.28065,1.21662,1.27745,1.21358,1.1529,1.09525,1.04049,1.09251,1.14714,1.2045,1.26472
272,1.28065,1.21662,1.27745,1.21358,1.1529,1.09525,1.15001,1.09251,1.03789,0.98599,0.93669
273,1.28065,1.21662,1.27745,1.21358,1.1529,1.09525,1.15001,1.09251,1.03789,0.98599,1.03529
274,1.28065,1.21662,1.27745,1.21358,1.1529,1.09525,1.15001,1.09251,1.03789,1.08978,1.03529
275,1.28065,1.21662,1.27745,1.21358,1.1529,1.09525,1.15001,1.09251,1.03789,1.08978,1.14427
276,1.28065,1.21662,1.27745,1.21358,1.1529,1.09525,1.15001,1.09251,1.14714,1.08978,1.03529
277,1.28065,1.21662,1.27745,1.21358,1.1529,1.09525,1.15001,1.09251,1.14714,1.08978,1.14427
278,1.28065,1.21662,1.27745,1.21358,1.1529,1.09525,1.15001,1.09251,1.14714,1.2045,1.14427
279,1.28065,1.21662,1.27745,1.21358,1.1529,1.09525,1.15001,1.09251,1.14714,1.2045,1.26472
280,1.28065,1.21662,1.27745,1.21358,1.1529,1.09525,1.15001,1.20752,1.14714,1.08978,1.03529
281,1.28065,1.21662,1.27745,1.21358,1.1529,1.09525,1.15001,1.20752,1.14714,1.08978,1.14427
282,1.28065,1.21662,1.27745,1.21358,1.1529,1.09525,1.15001,1.20752,1.14714,1.2045,1.14427
283,1.28065,1.21662,1.27745,1.21358,1.1529,1.09525,1.15001,1.20752,1.14714,1.2045,1.26472
284,1.28065,1.21662,1.27745,1.21358,1.1529,1.09525,1.15001,1.20752,1.26789,1.2045,1.14427
285,1.28065,1.21662,1.27745,1.21358,1.1529,1.09525,1.15001,1.20752,1.26789,1.2045,1.26472
286,1.28065,1.21662,1.27745,1.21358,1.1529,1.09525,1.15001,1.20752,1.26789,1.33129,1.26472
287,1.28065,1.21662,1.27745,1.21358,1.1529,1.09525,1.15001,1.20752,1.26789,1.33129,1.39785
288,1.28065,1.21662,1.27745,1.21358,1.1529,1.21054,1.15001,1.09251,1.03789,0.98599,0.93669
289,1.28065,1.21662,1.27745,1.21358,1.1529,1.21054,1.15001,1.09251,1.03789,0.98599,1.03529
290,1.28065,1.21662,1.27745,1.21358,1.1529,1.21054,1.15001,1.09251,1.03789,1.08978,1.03529
291,1.28065,1.21662,1.27745,1.21358,1.1529,1.21054,1.15001,1.09251,1.03789,1.08978,1.14427
292,1.28065,1.21662,1.27745,1.21358,1.1529,1.21054,1.15001,1.09251,1.14714,1.08978,1.03529
293,1.28065,1.21662,1.27745,1.21358,1.1529,1.21054,1.15001,1.09251,1.14714,1.08978,1.14427
294,1.28065,1.21662,1.27745,1.21358,1.1529,1.21054,1.15001,1.09251,1.14714,1.2045,1.14427
295,1.28065,1.21662,1.27745,1.21358,1.1529,1.21054,1.15001,1.09251,1.14714,1.2045,1.26472
296,1.28065,1.21662,1.27745,1.21358,1.1529,1.21054,1.15001,1.20752,1.14714,1.08978,1.03529
297,1.28065,1.21662,1.27745,1.21358,1.1529,1.21054,1.15001,1.20752,1.14714,1.08978,1.14427
298,1.28065,1.21662,1.27745,1.21358,1.1529,1.21054,1.15001,1.20752,1.14714,1.2045,1.14427
299,1.28065,1.21662,1.27745,1.21358,1.1529,1.21054,1.15001,1.20752,1.14714,1.2045,1.26472
300,1.28065,1.21662,1.27745,1.21358,1.1529,1.21054,1.15001,1.20752,1.26789,1.2045,1.14427
301,1.28065,1.21662,1.27745,1.21358,1.1529,1.21054,1.15001,1.20752,1.26789,1.2045,1.26472
302,1.28065,1.21662,1.27745,1.21358,1.1529,1.21054,1.15001,1.20752,1.26789,1.33129,1.26472
303,1.28065,1.21662,1.27745,1.21358,1.1529,1.21054,1.15001,1.20752,1.26789,1.33129,1.39785
304,1.28065,1.21662,1.27745,1.21358,1.1529,1.21054,1.27107,1.20752,1.14714,1.08978,1.03529
305,1.28065,1.21662,1.27745,1.21358,1.1529,1.21054,1.27107,1.20752,1.14714,1.08978,1.14427
306,1.28065,1.21662,1.27745,1.21358,1.1529,1.21054,1.27107,1.20752,1.14714,1.2045,1.14427
307,1.28065,1.21662,1.27745,1.21358,1.1529,1.21054,1.27107,1.20752,1.14714,1.2045,1.26472
308,1.28065,1.21662,1.27745,1.21358,1.1529,1.21054,1.27107,1.20752,1.26789,1.2045,1.14427
309,1.28065,1.21662,1.27745,1.21358,1.1529,1.21054,1.27107,1.20752,1.26789,1.2045,1.26472
310,1.28065,1.21662,1.27745,1.21358,1.1529,1.21054,1.27107,1.20752,1.26789,1.33129,1.26472
311,1.28065,1.21662,1.27745,1.21358,1.1529,1.21054,1.27107,1.20752,1.26789,1.33129,1.39785
312,1.28065,1.21662,1.27745,1.21358,1.1529,1.21054,1.27107,1.33462,1.26789,1.2045,1.14427
313,1.28065,1.21662,1.27745,1.21358,1.1529,1.21054,1.27107,1.33462,1.26789,1.2045,1.26472
314,1.28065,1.21662,1.27745,1.21358,1.1529,1.21054,1.27107,1.33462,1.26789,1.33129,1.26472
315,1.28065,1.21662,1.27745,1.21358,1.1529,1.21054,1.27107,1.33462,1.26789,1.33129,1.39785
316,1.28065,1.21662,1.27745,1.21358,1.1529,1.21054,1.27107,1.33462,1.40135,1.33129,1.26472
317,1.28065,1.21662,1.27745,1.21358,1.1529,1.21054,1.27107,1.33462,1.40135,1.33129,1.39785
318,1.28065,1.21662,1.27745,1.21358,1.1529,1.21054,1.27107,1.33462,1.40135,1.47142,1.39785
319,1.28065,1.21662,1.27745,1.21358,1.1529,1.21054,1.27107,1.33462,1.40135,1.47142,1.54499
320,1.28065,1.21662,1.27745,1.21358,1.27425,1.21054,1.15001,1.09251,1.03789,0.98599,0.93669
321,1.28065,1.21662,1.27745,1.21358,1.27425,1.21054,1.15001,1.09251,1.03789,0.98599,1.03529
322,1.28065,1.21662,1.27745,1.21358,1.27425,1.21054,1.15001,1.09251,1.03789,1.08978,1.03529
323,1.28065,1.21662,1.27745,1.21358,1.27425,1.21054,1.15001,1.09251,1.03789,1.08978,1.14427
324,1.28065,1.21662,1.27745,1.21358,1.27425,1.21054,1.15001,1.09251,1.14714,1.08978,1.03529
325,1.28065,1.21662,1.27745,1.21358,1.27425,1.21054,1.15001,1.09251,1.14714,1.08978,1.14427
326,1.28065,1.21662,1.27745,1.21358,1.27425,1.21054,1.15001,1.09251,1.14714,1.2045,1.14427
327,1.28065,1.21662,1.27745,1.21358,1.27425,1.21054,1.15001,1.09251,1.14714,1.2045,1.26472
328,1.28065,1.21662,1.27745,1.21358,1.27425,1.21054,1.15001,1.20752,1.14714,1.08978,1.03529
329,1.28065,1.21662,1.27745,1.21358,1.27425,1.21054,1.15001,1.20752,1.14714,1.08978,1.14427
330,1.28065,1.21662,1.27745,1.21358,1.27425,1.21054,1.15001,1.20752,1.14714,1.2045,1.14427
331,1.28065,1.21662,1.27745,1.21358,1.27425,1.21054,1.15001,1.20752,1.14714,1.2045,1.26472
332,1.28065,1.21662,1.27745,1.21358,1.27425,1.21054,1.15001,1.20752,1.26789,1.2045,1.14427
333,1.28065,1.21662,1.27745,1.21358,1.27425,1.21054,1.15001,1.20752,1.26789,1.2045,1.26472
334,1.28065,1.21662,1.27745,1.21358,1.27425,1.21054,1.15001,1.20752,1.26789,1.33129,1.26472
335,1.28065,1.21662,1.27745,1.21358,1.27425,1.21054,1.15001,1.20752,1.26789,1.33129,1.39785
336,1.28065,1.21662,1.27745,1.21358,1.27425,1.21054,1.27107,1.20752,1.14714,1.08978,1.03529
337,1.28065,1.21662,1.27745,1.21358,1.27425,1.21054,1.27107,1.20752,1.14714,1.08978,1.14427
338,1.28065,1.21662,1.27745,1.21358,1.27425,1.21054,1.27107,1.20752,1.14714,1.2045,1.14427
339,1.28065,1.21662,1.27745,1.21358,1.27425,1.21054,1.27107,1.20752,1.14714,1.2045,1.26472
340,1.28065,1.21662,1.27745,1.21358,1.27425,1.21054,1.27107,1.20752,1.26789,1.2045,1.14427
341,1.28065,1.21662,1.27745,1.21358,1.27425,1.21054,1.27107,1.20752,1.26789,1.2045,1.26472
342,1.28065,1.21662,1.27745,1.21358,1.27425,1.21054,1.27107,1.20752,1.26789,1.33129,1.26472
343,1.28065,1.21662,1.27745,1.21358,1.27425,1.21054,1.27107,1.20752,1.26789,1.33129,1.39785
344,1.28065,1.21662,1.27745,1.21358,1.27425,1.21054,1.27107,1.33462,1.26789,1.2045,1.14427
345,1.28065,1.21662,1.27745,1.21358,1.27425,1.21054,1.27107,1.33462,1.26789,1.2045,1.26472
346,1.28065,1.21662,1.27745,1.21358,1.27425,1.21054,1.27107,1.33462,1.26789,1.33129,1.26472
347,1.28065,1.21662,1.27745,1.21358,1.27425,1.21054,1.27107,1.33462,1.26789,1.33129,1.39785
348,1.28065,1.21662,1.27745,1.21358,1.27425,1.21054,1.27107,1.33462,1.40135,1.33129,1.26472
349,1.28065,1.21662,1.27745,1.21358,1.27425,1.21054,1.27107,1.33462,1.40135,1.33129,1.39785
350,1.28065,1.21662,1.27745,1.21358,1.27425,1.21054,1.27107,1.33462,1.40135,1.47142,1.39785
351,1.28065,1.21662,1.27745,1.21358,1.27425,1.21054,1.27107,1.33462,1.40135,1.47142,1.54499
352,1.28065,1.21662,1.27745,1.21358,1.27425,1.33797,1.27107,1.20752,1.14714,1.08978,1.03529
353,1.28065,1.21662,1.27745,1.21358,1.27425,1.33797,1.27107,1.20752,1.14714,1.08978,1.14427
354,1.28065,1.21662,1.27745,1.21358,1.27425,1.33797,1.27107,1.20752,1.14714,1.2045,1.14427
355,1.28065,1.21662,1.27745,1.21358,1.27425,1.33797,1.27107,1.20752,1.14714,1.2045,1.26472
356,1.28065,1.21662,1.27745,1.21358,1.27425,1.33797,1.27107,1.20752,1.26789,1.2045,1.14427
357,1.28065,1.21662,1.27745,1.21358,1.27425,1.33797,1.27107,1.20752,1.26789,1.2045,1.26472
358,1.28065,1.21662,1.27745,1.21358,1.27425,1.33797,1.27107,1.20752,1.26789,1.33129,1.26472
359,1.28065,1.21662,1.27745,1.21358,1.27425,1.33797,1.27107,1.20752,1.26789,1.33129,1.39785
360,1.28065,1.21662,1.27745,1.21358,1.27425,1.33797,1.27107,1.33462,1.26789,1.2045,1.14427
361,1.28065,1.21662,1.27745,1.21358,1.27425,1.33797,1.27107,1.33462,1.26789,1.2045,1.26472
362,1.28065,1.21662,1.27745,1.21358,1.27425,1.33797,1.27107,1.33462,1.26789,1.33129,1.26472
363,1.28065,1.21662,1.27745,1.21358,1.27425,1.33797,1.27107,1.33462,1.26789,1.33129,1.39785
364,1.28065,1.21662,1.27745,1.21358,1.27425,1.33797,1.27107,1.33462,1.40135,1.33129,1.26472
365,1.28065,1.21662,1.27745,1.21358,1.27425,1.33797,1.27107,1.33462,1.40135,1.33129,1.39785
366,1.28065,1.21662,1.27745,1.21358,1.27425,1.33797,1.27107,1.33462,1.40135,1.47142,1.39785
367,1.28065,1.21662,1.27745,1.21358,1.27425,1.33797,1.27107,1.33462,1.40135,1.47142,1.54499
368,1.28065,1.21662,1.27745,1.21358,1.27425,1.33797,1.40487,1.33462,1.26789,1.2045,1.14427
369,1.28065,1.21662,1.27745,1.21358,1.27425,1.33797,1.40487,1.33462,1.26789,1.2045,1.26472
370,1.28065,1.21662,1.27745,1.21358,1.27425,1.33797,1.40487,1.33462,1.26789,1.33129,1.26472
371,1.28065,1.21662,1.27745,1.21358,1.27425,1.33797,1.40487,1.33462,1.26789,1.33129,1.39785
372,1.28065,1.21662,1.27745,1.21358,1.27425,1.33797,1.40487,1.33462,1.40135,1.33129,1.26472
373,1.28065,1.21662,1.27745,1.21358,1.27425,1.33797,1.40487,1.33462,1.40135,1.33129,1.39785
374,1.28065,1.21662,1.27745,1.21358,1.27425,1.33797,1.40487,1.33462,1.40135,1.47142,1.39785
375,1.28065,1.21662,1.27745,1.21358,1.27425,1.33797,1.40487,1.33462,1.40135,1.47142,1.54499
376,1.28065,1.21662,1.27745,1.21358,1.27425,1.33797,1.40487,1.47511,1.40135,1.33129,1.26472
377,1.28065,1.21662,1.27745,1.21358,1.27425,1.33797,1.40487,1.47511,1.40135,1.33129,1.39785
378,1.28065,1.21662,1.27745,1.21358,1.27425,1.33797,1.40487,1.47511,1.40135,1.47142,1.39785
379,1.28065,1.21662,1.27745,1.21358,1.27425,1.33797,1.40487,1.47511,1.40135,1.47142,1.54499
380,1.28065,1.21662,1.27745,1.21358,1.27425,1.33797,1.40487,1.47511,1.54886,1.47142,1.39785
381,1.28065,1.21662,1.27745,1.21358,1.27425,1.33797,1.40487,1.47511,1.54886,1.47142,1.54499
382,1.28065,1.21662,1.27745,1.21358,1.27425,1.33797,1.40487,1.47511,1.54886,1.62631,1.54499
383,1.28065,1.21662,1.27745,1.21358,1.27425,1.33797,1.40487,1.47511,1.54886,1.62631,1.70762
384,1.28065,1.21662,1.27745,1.34132,1.27425,1.21054,1.15001,1.09251,1.03789,0.98599,0.93669
385,1.28065,1.21662,1.27745,1.34132,1.27425,1.21054,1.15001,1.09251,1.03789,0.98599,1.03529
386,1.28065,1.21662,1.27745,1.34132,1.27425,1.21054,1.15001,1.09251,1.03789,1.08978,1.03529
387,1.28065,1.21662,1.27745,1.34132,1.27425,1.21054,1.15001,1.09251,1.03789,1.08978,1.14427
388,1.28065,1.21662,1.27745,1.34132,1.27425,1.21054,1.15001,1.09251,1.14714,1.08978,1.03529
389,1.28065,1.21662,1.27745,1.34132,1.27425,1.21054,1.15001,1.09251,1.14714,1.08978,1.14427
390,1.28065,1.21662,1.27745,1.34132,1.27425,1.21054,1.15001,1.09251,1.14714,1.2045,1.14427
391,1.28065,1.21662,1.27745,1.34132,1.27425,1.21054,1.15001,1.09251,1.14714,1.2045,1.26472
392,1.28065,1.21662,1.27745,1.34132,1.27425,1.21054,1.15001,1.20752,1.14714,1.08978,1.03529
393,1.28065,1.21662,1.27745,1.34132,1.27425,1.21054,1.15001,1.20752,1.14714,1.08978,1.14427
394,1.28065,1.21662,1.27745,1.34132,1.27425,1.21054,1.15001,1.20752,1.14714,1.2045,1.14427
395,1.28065,1.21662,1.27745,1.34132,1.27425,1.21054,1.15001,1.20752,1.14714,1.2045,1.26472
396,1.28065,1.21662,1.27745,1.34132,1.27425,1.21054,1.15001,1.20752,1.26789,1.2045,1.14427
397,1.28065,1.21662,1.27745,1.34132,1.27425,1.21054,1.15001,1.20752,1.26789,1.2045,1.26472
398,1.28065,1.21662,1.27745,1.34132,1.27425,1.21054,1.15001,1.20752,1.26789,1.33129,1.26472
399,1.28065,1.21662,1.27745,1.34132,1.27425,1.21054,1.15001,1.20752,1.26789,1.33129,1.39785
400,1.28065,1.21662,1.27745,1.34132,1.27425,1.21054,1.27107,1.20752,1.14714,1.08978,1.03529
401,1.28065,1.21662,1.27745,1.34132,1.27425,1.21054,1.27107,1.20752,1.14714,1.08978,1.14427
402,1.28065,1.21662,1.27745,1.34132,1.27425,1.21054,1.27107,1.20752,1.14714,1.2045,1.14427
403,1.28065,1.21662,1.27745,1.34132,1.27425,1.21054,1.27107,1.20752,1.14714,1.2045,1.26472
404,1.28065,1.21662,1.27745,1.34132,1.27425,1.21054,1.27107,1.20752,1.26789,1.2045,1.14427
405,1.28065,1.21662,1.27745,1.34132,1.27425,1.21054,1.27107,1.20752,1.26789,1.2045,1.26472
406,1.28065,1.21662,1.27745,1.34132,1.27425,1.21054,1.27107,1.20752,1.26789,1.33129,1.26472
407,1.28065,1.21662,1.27745,1.34132,1.27425,1.21054,1.27107,1.20752,1.26789,1.33129,1.39785
408,1.28065,1.21662,1.27745,1.34132,1.27425,1.21054,1.27107,1.33462,1.26789,1.2045,1.14427
409,1.28065,1.21662,1.27745,1.34132,1.27425,1.21054,1.27107,1.33462,1.26789,1.2045,1.26472
410,1.28065,1.21662,1.27745,1.34132,1.27425,1.21054,1.27107,1.33462,1.26789,1.33129,1.26472
411,1.28065,1.21662,1.27745,1.34132,1.27425,1.21054,1.27107,1.33462,1.26789,1.33129,1.39785
412,1.28065,1.21662,1.27745,1.34132,1.27425,1.21054,1.27107,1.33462,1.40135,1.33129,1.26472
413,1.28065,1.21662,1.27745,1.34132,1.27425,1.21054,1.27107,1.33462,1.40135,1.33129,1.39785
414,1.28065,1.21662,1.27745,1.34132,1.27425,1.21054,1.27107,1.33462,1.40135,1.47142,1.39785
415,1.28065,1.21662,1.27745,1.34132,1.27425,1.21054,1.27107,1.33462,1.40135,1.47142,1.54499
416,1.28065,1.21662,1.27745,1.34132,1.27425,1.33797,1.27107,1.20752,1.14714,1.08978,1.03529
417,1.28065,1.21662,1.27745,1.34132,1.27425,1.33797,1.27107,1.20752,1.14714,1.08978,1.14427
418,1.28065,1.21662,1.27745,1.34132,1.27425,1.33797,1.27107,1.20752,1.14714,1.2045,1.14427
419,1.28065,1.21662,1.27745,1.34132,1.27425,1.33797,1.27107,1.20752,1.14714,1.2045,1.26472
420,1.28065,1.21662,1.27745,1.34132,1.27425,1.33797,1.27107,1.20752,1.26789,1.2045,1.14427
421,1.28065,1.21662,1.27745,1.34132,1.27425,1.33797,1.27107,1.20752,1.26789,1.2045,1.26472
422,1.28065,1.21662,1.27745,1.34132,1.27425,1.33797,1.27107,1.20752,1.26789,1.33129,1.26472
423,1.28065,1.21662,1.27745,1.34132,1.27425,1.33797,1.27107,1.20752,1.26789,1.33129,1.39785
424,1.28065,1.21662,1.27745,1.34132,1.27425,1.33797,1.27107,1.33462,1.26789,1.2045,1.14427
425,1.28065,1.21662,1.27745,1.34132,1.27425,1.33797,1.27107,1.33462,1.26789,1.2045,1.26472
426,1.28065,1.21662,1.27745,1.34132,1.27425,1.33797,1.27107,1.33462,1.26789,1.33129,1.26472
427,1.28065,1.21662,1.27745,1.34132,1.27425,1.33797,1.27107,1.33462,1.26789,1.33129,1.39785
428,1.28065,1.21662,1.27745,1.34132,1.27425,1.33797,1.27107,1.33462,1.40135,1.33129,1.26472
429,1.28065,1.21662,1.27745,1.34132,1.27425,1.33797,1.27107,1.33462,1.40135,1.33129,1.39785
430,1.28065,1.21662,1.27745,1.34132,1.27425,1.33797,1.27107,1.33462,1.40135,1.47142,1.39785
431,1.28065,1.21662,1.27745,1.34132,1.27425,1.33797,1.27107,1.33462,1.40135,1.47142,1.54499
432,1.28065,1.21662,1.27745,1.34132,1.27425,1.33797,1.40487,1.33462,1.26789,1.2045,1.14427
433,1.28065,1.21662,1.27745,1.34132,1.27425,1.33797,1.40487,1.33462,1.26789,1.2045,1.26472
434,1.28065,1.21662,1.27745,1.34132,1.27425,1.33797,1.40487,1.33462,1.26789,1.33129,1.26472
435,1.28065,1.21662,1.27745,1.34132,1.27425,1.33797,1.40487,1.33462,1.26789,1.33129,1.39785
436,1.28065,1.21662,1.27745,1.34132,1.27425,1.33797,1.40487,1.33462,1.40135,1.33129,1.26472
437,1.28065,1.21662,1.27745,1.34132,1.27425,1.33797,1.40487,1.33462,1.40135,1.33129,1.39785
438,1.28065,1.21662,1.27745,1.34132,1.27425,1.33797,1.40487,1.33462,1.40135,1.47142,1.39785
439,1.28065,1.21662,1.27745,1.34132,1.27425,1.33797,1.40487,1.33462,1.40135,1.47142,1.54499
440,1.28065,1.21662,1.27745,1.34132,1.27425,1.33797,1.40487,1.47511,1.40135,1.33129,1.26472
441,1.28065,1.21662,1.27745,1.34132,1.27425,1.33797,1.40487,1.47511,1.40135,1.33129,1.39785
442,1.28065,1.21662,1.27745,1.34132,1.27425,1.33797,1.40487,1.47511,1.40135,1.47142,1.39785
443,1.28065,1.21662,1.27745,1.34132,1.27425,1.33797,1.40487,1.47511,1.40135,1.47142,1.54499
444,1.28065,1.21662,1.27745,1.34132,1.27425,1.33797,1.40487,1.47511,1.54886,1.47142,1.39785
445,1.28065,1.21662,1.27745,1.34132,1.27425,1.33797,1.40487,1.47511,1.54886,1.47142,1.54499
446,1.28065,1.21662,1.27745,1.34132,1.27425,1.33797,1.40487,1.47511,1.54886,1.62631,1.54499
447,1.28065,1.21662,1.27745,1.34132,1.27425,1.33797,1.40487,1.47511,1.54886,1.62631,1.70762
448,1.28065,1.21662,1.27745,1.34132,1.40839,1.33797,1.27107,1.20752,1.14714,1.08978,1.03529
449,1.28065,1.21662,1.27745,1.34132,1.40839,1.33797,1.27107,1.20752,1.14714,1.08978,1.14427
450,1.28065,1.21662,1.27745,1.34132,1.40839,1.33797,1.27107,1.20752,1.14714,1.2045,1.14427
451,1.28065,1.21662,1.27745,1.34132,1.40839,1.33797,1.27107,1.20752,1.14714,1.2045,1.26472
452,1.28065,1.21662,1.27745,1.34132,1.40839,1.33797,1.27107,1.20752,1.26789,1.2045,1.14427
453,1.28065,1.21662,1.27745,1.34132,1.40839,1.33797,1.27107,1.20752,1.26789,1.2045,1.26472
454,1.28065,1.21662,1.27745,1.34132,1.40839,1.33797,1.27107,1.20752,1.26789,1.33129,1.26472
455,1.28065,1.21662,1.27745,1.34132,1.40839,1.33797,1.27107,1.20752,1.26789,1.33129,1.39785
456,1.28065,1.21662,1.27745,1.34132,1.40839,1.33797,1.27107,1.33462,1.26789,1.2045,1.14427
457,1.28065,1.21662,1.27745,1.34132,1.40839,1.33797,1.27107,1.33462,1.26789,1.2045,1.26472
458,1.28065,1.21662,1.27745,1.34132,1.40839,1.33797,1.27107,1.33462,1.26789,1.33129,1.26472
459,1.28065,1.21662,1.27745,1.34132,1.40839,1.33797,1.27107,1.33462,1.26789,1.33129,1.39785
460,1.28065,1.21662,1.27745,1.34132,1.40839,1.33797,1.27107,1.33462,1.40135,1.33129,1.26472
461,1.28065,1.21662,1.27745,1.34132,1.40839,1.33797,1.27107,1.33462,1.40135,1.33129,1.39785
462,1.28065,1.21662,1.27745,1.34132,1.40839,1.33797,1.27107,1.33462,1.40135,1.47142,1.39785
463,1.28065,1.21662,1.27745,1.34132,1.40839,1.33797,1.27107,1.33462,1.40135,1.47142,1.54499
464,1.28065,1.21662,1.27745,1.34132,1.40839,1.33797,1.40487,1.33462,1.26789,1.2045,1.14427
465,1.28065,1.21662,1.27745,1.34132,1.40839,1.33797,1.40487,1.33462,1.26789,1.2045,1.26472
466,1.28065,1.21662,1.27745,1.34132,1.40839,1.33797,1.40487,1.33462,1.26789,1.33129,1.26472
467,1.28065,1.21662,1.27745,1.34132,1.40839,1.33797,1.40487,1.33462,1.26789,1.33129,1.39785
468,1.28065,1.21662,1.27745,1.34132,1.40839,1.33797,1.40487,1.33462,1.40135,1.33129,1.26472
469,1.28065,1.21662,1.27745,1.34132,1.40839,1.33797,1.40487,1.33462,1.40135,1.33129,1.39785
470,1.28065,1.21662,1.27745,1.34132,1.40839,1.33797,1.40487,1.33462,1.40135,1.47142,1.39785
471,1.28065,1.21662,1.27745,1.34132,1.40839,1.33797,1.40487,1.33462,1.40135,1.47142,1.54499
472,1.28065,1.21662,1.27745,1.34132,1.40839,1.33797,1.40487,1.47511,1.40135,1.33129,1.26472
473,1.28065,1.21662,1.27745,1.34132,1.40839,1.33797,1.40487,1.47511,1.40135,1.33129,1.39785
474,1.28065,1.21662,1.27745,1.34132,1.40839,1.33797,1.40487,1.47511,1.40135,1.47142,1.39785
475,1.28065,1.21662,1.27745,1.34132,1.40839,1.33797,1.40487,1.47511,1.40135,1.47142,1.54499
476,1.28065,1.21662,1.27745,1.34132,1.40839,1.33797,1.40487,1.47511,1.54886,1.47142,1.39785
477,1.28065,1.21662,1.27745,1.34132,1.40839,1.33797,1.40487,1.47511,1.54886,1.47142,1.54499
478,1.28065,1.21662,1.27745,1.34132,1.40839,1.33797,1.40487,1.47511,1.54886,1.62631,1.54499
479,1.28065,1.21662,1.27745,1.34132,1.40839,1.33797,1.40487,1.47511,1.54886,1.62631,1.70762
480,1.28065,1.21662,1.27745,1.34132,1.40839,1.47881,1.40487,1.33462,1.26789,1.2045,1.14427
481,1.28065,1.21662,1.27745,1.34132,1.40839,1.47881,1.40487,1.33462,1.26789,1.2045,1.26472
482,1.28065,1.21662,1.27745,1.34132,1.40839,1.47881,1.40487,1.33462,1.26789,1.33129,1.26472
483,1.28065,1.21662,1.27745,1.34132,1.40839,1.47881,1.40487,1.33462,1.26789,1.33129,1.39785
484,1.28065,1.21662,1.27745,1.34132,1.40839,1.47881,1.40487,1.33462,1.40135,1.33129,1.26472
485,1.28065,1.21662,1.27745,1.34132,1.40839,1.47881,1.40487,1.33462,1.40135,1.33129,1.39785
486,1.28065,1.21662,1.27745,1.34132,1.40839,1.47881,1.40487,1.33462,1.40135,1.47142,1.39785
487,1.28065,1.21662,1.27745,1.34132,1.40839,1.47881,1.40487,1.33462,1.40135,1.47142,1.54499
488,1.28065,1.21662,1.27745,1.34132,1.40839,1.47881,1.40487,1.47511,1.40135,1.33129,1.26472
489,1.28065,1.21662,1.27745,1.34132,1.40839,1.47881,1.40487,1.47511,1.40135,1.33129,1.39785
490,1.28065,1.21662,1.27745,1.34132,1.40839,1.47881,1.40487,1.47511,1.40135,1.47142,1.39785
491,1.28065,1.21662,1.27745,1.34132,1.40839,1.47881,1.40487,1.47511,1.40135,1.47142,1.54499
492,1.28065,1.21662,1.27745,1.34132,1.40839,1.47881,1.40487,1.47511,1.54886,1.47142,1.39785
493,1.28065,1.21662,1.27745,1.34132,1.40839,1.47881,1.40487,1.47511,1.54886,1.47142,1.54499
494,1.28065,1.21662,1.27745,1.34132,1.40839,1.47881,1.40487,1.47511,1.54886,1.62631,1.54499
495,1.28065,1.21662,1.27745,1.34132,1.40839,1.47881,1.40487,1.47511,1.54886,1.62631,1.70762
496,1.28065,1.21662,1.27745,1.34132,1.40839,1.47881,1.55275,1.47511,1.40135,1.33129,1.26472
497,1.28065,1.21662,1.27745,1.34132,1.40839,1.47881,1.55275,1.47511,1.40135,1.33129,1.39785
498,1.28065,1.21662,1.27745,1.34132,1.40839,1.47881,1.55275,1.47511,1.40135,1.47142,1.39785
499,1.28065,1.21662,1.27745,1.34132,1.40839,1.47881,1.55275,1.47511,1.40135,1.47142,1.54499
500,1.28065,1.21662,1.27745,1.34132,1.40839,1.47881,1.55275,1.47511,1.54886,1.47142,1.39785
501,1.28065,1.21662,1.27745,1.34132,1.40839,1.47881,1.55275,1.47511,1.54886,1.47142,1.54499
502,1.28065,1.21662,1.27745,1.34132,1.40839,1.47881,1.55275,1.47511,1.54886,1.62631,1.54499
503,1.28065,1.21662,1.27745,1.34132,1.40839,1.47881,1.55275,1.47511,1.54886,1.62631,1.70762
504,1.28065,1.21662,1.27745,1.34132,1.40839,1.47881,1.55275,1.63038,1.54886,1.47142,1.39785
505,1.28065,1.21662,1.27745,1.34132,1.40839,1.47881,1.55275,1.63038,1.54886,1.47142,1.54499
506,1.28065,1.21662,1.27745,1.34132,1.40839,1.47881,1.55275,1.63038,1.54886,1.62631,1.54499
507,1.28065,1.21662,1.27745,1.34132,1.40839,1.47881,1.55275,1.63038,1.54886,1.62631,1.70762
508,1.28065,1.21662,1.27745,1.34132,1.40839,1.47881,1.55275,1.63038,1.7119,1.62631,1.54499
509,1.28065,1.21662,1.27745,1.34132,1.40839,1.47881,1.55275,1.63038,1.7119,1.62631,1.70762
510,1.28065,1.21662,1.27745,1.34132,1.40839,1.47881,1.55275,1.63038,1.7119,1.7975,1.70762
511,1.28065,1.21662,1.27745,1.34132,1.40839,1.47881,1.55275,1.63038,1.7119,1.7975,1.88737
512,1.28065,1.34468,1.27745,1.21358,1.1529,1.09525,1.04049,0.98847,0.93904,0.89209,0.84749
513,1.28065,1.34468,1.27745,1.21358,1.1529,1.09525,1.04049,0.98847,0.93904,0.89209,0.93669
514,1.28065,1.34468,1.27745,1.21358,1.1529,1.09525,1.04049,0.98847,0.93904,0.98599,0.93669
515,1.28065,1.34468,1.27745,1.21358,1.1529,1.09525,1.04049,0.98847,0.93904,0.98599,1.03529
516,1.28065,1.34468,1.27745,1.21358,1.1529,1.09525,1.04049,0.98847,1.03789,0.98599,0.93669
517,1.28065,1.34468,1.27745,1.21358,1.1529,1.09525,1.04049,0.98847,1.03789,0.98599,1.03529
518,1.28065,1.34468,1.27745,1.21358,1.1529,1.09525,1.04049,0.98847,1.03789,1.08978,1.03529
519,1.28065,1.34468,1.27745,1.21358,1.1529,1.09525,1.04049,0.98847,1.03789,1.08978,1.14427
520,1.28065,1.34468,1.27745,1.21358,1.1529,1.09525,1.04049,1.09251,1.03789,0.98599,0.93669
521,1.28065,1.34468,1.27745,1.21358,1.1529,1.09525,1.04049,1.09251,1.03789,0.98599,1.03529
522,1.28065,1.34468,1.27745,1.21358,1.1529,1.09525,1.04049,1.09251,1.03789,1.08978,1.03529
523,1.28065,1.34468,1.27745,1.21358,1.1529,1.09525,1.04049,1.09251,1.03789,1.08978,1.14427
524,1.28065,1.34468,1.27745,1.21358,1.1529,1.09525,1.04049,1.09251,1.14714,1.08978,1.03529
525,1.28065,1.34468,1.27745,1.21358,1.1529,1.09525,1.04049,1.09251,1.14714,1.08978,1.14427
526,1.28065,1.34468,1.27745,1.21358,1.1529,1.09525,1.04049,1.09251,1.14714,1.2045,1.14427
527,1.28065,1.34468,1.27745,1.21358,1.1529,1.09525,1.04049,1.09251,1.14714,1.2045,1.26472
528,1.28065,1.34468,1.27745,1.21358,1.1529,1.09525,1.15001,1.09251,1.03789,0.98599,0.93669
529,1.28065,1.34468,1.27745,1.21358,1.1529,1.09525,1.15001,1.09251,1.03789,0.98599,1.03529
530,1.28065,1.34468,1.27745,1.21358,1.1529,1.09525,1.15001,1.09251,1.03789,1.08978,1.03529
531,1.28065,1.34468,1.27745,1.21358,1.1529,1.09525,1.15001,1.09251,1.03789,1.08978,1.14427
532,1.28065,1.34468,1.27745,1.21358,1.1529,1.09525,1.15001,1.09251,1.14714,1.08978,1.03529
533,1.28065,1.34468,1.27745,1.21358,1.1529,1.09525,1.15001,1.09251,1.14714,1.08978,1.14427
534,1.28065,1.34468,1.27745,1.21358,1.1529,1.09525,1.15001,1.09251,1.14714,1.2045,1.14427
535,1.28065,1.34468,1.27745,1.21358,1.1529,1.09525,1.15001,1.09251,1.14714,1.2045,1.26472
536,1.28065,1.34468,1.27745,1.21358,1.1529,1.09525,1.15001,1.20752,1.14714,1.08978,1.03529
537,1.28065,1.34468,1.27745,1.21358,1.1529,1.09525,1.15001,1.20752,1.14714,1.08978,1.14427
538,1.28065,1.34468,1.27745,1.21358,1.1529,1.09525,1.15001,1.20752,1.14714,1.2045,1.14427
539,1.28065,1.34468,1.27745,1.21358,1.1529,1.09525,1.15001,1.20752,1.14714,1.2045,1.26472
540,1.28065,1.34468,1.27745,1.21358,1.1529,1.09525,1.15001,1.20752,1.26789,1.2045,1.14427
541,1.28065,1.34468,1.27745,1.21358,1.1529,1.09525,1.15001,1.20752,1.26789,1.2045,1.26472
542,1.28065,1.34468,1.27745,1.21358,1.1529,1.09525,1.15001,1.20752,1.26789,1.33129,1.26472
543,1.28065,1.34468,1.27745,1.21358,1.1529,1.09525,1.15001,1.20752,1.26789,1.33129,1.39785
544,1.28065,1.34468,1.27745,1.21358,1.1529,1.21054,1.15001,1.09251,1.03789,0.98599,0.93669
545,1.28065,1.34468,1.27745,1.21358,1.1529,1.21054,1.15001,1.09251,1.03789,0.98599,1.03529
546,1.28065,1.34468,1.27745,1.21358,1.1529,1.21054,1.15001,1.09251,1.03789,1.08978,1.03529
547,1.28065,1.34468,1.27745,1.21358,1.1529,1.21054,1.15001,1.09251,1.03789,1.08978,1.14427
548,1.28065,1.34468,1.27745,1.21358,1.1529,1.21054,1.15001,1.09251,1.14714,1.08978,1.03529
549,1.28065,1.34468,1.27745,1.21358,1.1529,1.21054,1.15001,1.09251,1.14714,1.08978,1.14427
550,1.28065,1.34468,1.27745,1.21358,1.1529,1.21054,1.15001,1.09251,1.14714,1.2045,1.14427
551,1.28065,1.34468,1.27745,1.21358,1.1529,1.21054,1.15001,1.09251,1.14714,1.2045,1.26472
552,1.28065,1.34468,1.27745,1.21358,1.1529,1.21054,1.15001,1.20752,1.14714,1.08978,1.03529
553,1.28065,1.34468,1.27745,1.21358,1.1529,1.21054,1.15001,1.20752,1.14714,1.08978,1.14427
554,1.28065,1.34468,1.27745,1.21358,1.1529,1.21054,1.15001,1.20752,1.14714,1.2045,1.14427
555,1.28065,1.34468,1.27745,1.21358,1.1529,1.21054,1.15001,1.20752,1.14714,1.2045,1.26472
556,1.28065,1.34468,1.27745,1.21358,1.1529,1.21054,1.15001,1.20752,1.26789,1.2045,1.14427
557,1.28065,1.34468,1.27745,1.21358,1.1529,1.21054,1.15001,1.20752,1.26789,1.2045,1.26472
558,1.28065,1.34468,1.27745,1.21358,1.1529,1.21054,1.15001,1.20752,1.26789,1.33129,1.26472
559,1.28065,1.34468,1.27745,1.21358,1.1529,1.21054,1.15001,1.20752,1.26789,1.33129,1.39785
560,1.28065,1.34468,1.27745,1.21358,1.1529,1.21054,1.27107,1.20752,1.14714,1.08978,1.03529
561,1.28065,1.34468,1.27745,1.21358,1.1529,1.21054,1.27107,1.20752,1.14714,1.08978,1.14427
562,1.28065,1.34468,1.27745,1.21358,1.1529,1.21054,1.27107,1.20752,1.14714,1.2045,1.14427
563,1.28065,1.34468,1.27745,1.21358,1.1529,1.21054,1.27107,1.20752,1.14714,1.2045,1.26472
564,1.28065,1.34468,1.27745,1.21358,1.1529,1.21054,1.27107,1.20752,1.26789,1.2045,1.14427
565,1.28065,1.34468,1.27745,1.21358,1.1529,1.21054,1.27107,1.20752,1.26789,1.2045,1.26472
566,1.28065,1.34468,1.27745,1.21358,1.1529,1.21054,1.27107,1.20752,1.26789,1.33129,1.26472
567,1.28065,1.34468,1.27745,1.21358,1.1529,1.21054,1.27107,1.20752,1.26789,1.33129,1.39785
568,1.28065,1.34468,1.27745,1.21358,1.1529,1.21054,1.27107,1.33462,1.26789,1.2045,1.14427
569,1.28065,1.34468,1.27745,1.21358,1.1529,1.21054,1.27107,1.33462,1.26789,1.2045,1.26472
570,1.28065,1.34468,1.27745,1.21358,1.1529,1.21054,1.27107,1.33462,1.26789,1.33129,1.26472
571,1.28065,1.34468,1.27745,1.21358,1.1529,1.21054,1.27107,1.33462,1.26789,1.33129,1.39785
572,1.28065,1.34468,1.27745,1.21358,1.1529,1.21054,1.27107,1.33462,1.40135,1.33129,1.26472
573,1.28065,1.34468,1.27745,1.21358,1.1529,1.21054,1.27107,1.33462,1.40135,1.33129,1.39785
574,1.28065,1.34468,1.27745,1.21358,1.1529,1.21054,1.27107,1.33462,1.40135,1.47142,1.39785
575,1.28065,1.34468,1.27745,1.21358,1.1529,1.21054,1.27107,1.33462,1.40135,1.47142,1.54499
576,1.28065,1.34468,1.27745,1.21358,1.27425,1.21054,1.15001,1.09251,1.03789,0.98599,0.93669
577,1.28065,1.34468,1.27745,1.21358,1.27425,1.21054,1.15001,1.09251,1.03789,0.98599,1.03529
578,1.28065,1.34468,1.27745,1.21358,1.27425,1.21054,1.15001,1.09251,1.03789,1.08978,1.03529
579,1.28065,1.34468,1.27745,1.21358,1.27425,1.21054,1.15001,1.09251,1.03789,1.08978,1.14427
580,1.28065,1.34468,1.27745,1.21358,1.27425,1.21054,1.15001,1.09251,1.14714,1.08978,1.03529
581,1.28065,1.34468,1.27745,1.21358,1.27425,1.21054,1.15001,1.09251,1.14714,1.08978,1.14427
582,1.28065,1.34468,1.27745,1.21358,1.27425,1.21054,1.15001,1.09251,1.14714,1.2045,1.14427
583,1.28065,1.34468,1.27745,1.21358,1.27425,1.21054,1.15001,1.09251,1.14714,1.2045,1.26472
584,1.28065,1.34468,1.27745,1.21358,1.27425,1.21054,1.15001,1.20752,1.14714,1.08978,1.03529
585,1.28065,1.34468,1.27745,1.21358,1.27425,1.21054,1.15001,1.20752,1.14714,1.08978,1.14427
586,1.28065,1.34468,1.27745,1.21358,1.27425,1.21054,1.15001,1.20752,1.14714,1.2045,1.14427
587,1.28065,1.34468,1.27745,1.21358,1.27425,1.21054,1.15001,1.20752,1.14714,1.2045,1.26472
588,1.28065,1.34468,1.27745,1.21358,1.27425,1.21054,1.15001,1.20752,1.26789,1.2045,1.14427
589,1.28065,1.34468,1.27745,1.21358,1.27425,1.21054,1.15001,1.20752,1.26789,1.2045,1.26472
590,1.28065,1.34468,1.27745,1.21358,1.27425,1.21054,1.15001,1.20752,1.26789,1.33129,1.26472
591,1.28065,1.34468,1.27745,1.21358,1.27425,1.21054,1.15001,1.20752,1.26789,1.33129,1.39785
592,1.28065,1.34468,1.27745,1.21358,1.27425,1.21054,1.27107,1.20752,1.14714,1.08978,1.03529
593,1.28065,1.34468,1.27745,1.21358,1.27425,1.21054,1.27107,1.20752,1.14714,1.08978,1.14427
594,1.28065,1.34468,1.27745,1.21358,1.27425,1.21054,1.27107,1.20752,1.14714,1.2045,1.14427
595,1.28065,1.34468,1.27745,1.21358,1.27425,1.21054,1.27107,1.20752,1.14714,1.2045,1.26472
596,1.28065,1.34468,1.27745,1.21358,1.27425,1.21054,1.27107,1.20752,1.26789,1.2045,1.14427
597,1.28065,1.34468,1.27745,1.21358,1.27425,1.21054,1.27107,1.20752,1.26789,1.2045,1.26472
598,1.28065,1.34468,1.27745,1.21358,1.27425,1.21054,1.27107,1.20752,1.26789,1.33129,1.26472
599,1.28065,1.34468,1.27745,1.21358,1.27425,1.21054,1.27107,1.20752,1.26789,1.33129,1.39785
600,1.28065,1.34468,1.27745,1.21358,1.27425,1.21054,1.27107,1.33462,1.26789,1.2045,1.14427
601,1.28065,1.34468,1.27745,1.21358,1.27425,1.21054,1.27107,1.33462,1.26789,1.2045,1.26472
602,1.28065,1.34468,1.27745,1.21358,1.27425,1.21054,1.27107,1.33462,1.26789,1.33129,1.26472
603,1.28065,1.34468,1.27745,1.21358,1.27425,1.21054,1.27107,1.33462,1.26789,1.33129,1.39785
604,1.28065,1.34468,1.27745,1.21358,1.27425,1.21054,1.27107,1.33462,1.40135,1.33129,1.26472
605,1.28065,1.34468,1.27745,1.21358,1.27425,1.21054,1.27107,1.33462,1.40135,1.33129,1.39785
606,1.28065,1.34468,1.27745,1.21358,1.27425,1.21054,1.27107,1.33462,1.40135,1.47142,1.39785
607,1.28065,1.34468,1.27745,1.21358,1.27425,1.21054,1.27107,1.33462,1.40135,1.47142,1.54499
608,1.28065,1.34468,1.27745,1.21358,1.27425,1.33797,1.27107,1.20752,1.14714,1.08978,1.03529
609,1.28065,1.34468,1.27745,1.21358,1.27425,1.33797,1.27107,1.20752,1.14714,1.08978,1.14427
610,1.28065,1.34468,1.27745,1.21358,1.27425,1.33797,1.27107,1.20752,1.14714,1.2045,1.14427
611,1.28065,1.34468,1.27745,1.21358,1.27425,1.33797,1.27107,1.20752,1.14714,1.2045,1.26472
612,1.28065,1.34468,1.27745,1.21358,1.27425,1.33797,1.27107,1.20752,1.26789,1.2045,1.14427
613,1.28065,1.34468,1.27745,1.21358,1.27425,1.33797,1.27107,1.20752,1.26789,1.2045,1.26472
614,1.28065,1.34468,1.27745,1.21358,1.27425,1.33797,1.27107,1.20752,1.26789,1.33129,1.26472
615,1.28065,1.34468,1.27745,1.21358,1.27425,1.33797,1.27107,1.20752,1.26789,1.33129,1.39785
616,1.28065,1.34468,1.27745,1.21358,1.27425,1.33797,1.27107,1.33462,1.26789,1.2045,1.14427
617,1.28065,1.34468,1.27745,1.21358,1.27425,1.33797,1.27107,1.33462,1.26789,1.2045,1.26472
618,1.28065,1.34468,1.27745,1.21358,1.27425,1.33797,1.27107,1.33462,1.26789,1.33129,1.26472
619,1.28065,1.34468,1.27745,1.21358,1.27425,1.33797,1.27107,1.33462,1.26789,1.33129,1.39785
620,1.28065,1.34468,1.27745,1.21358,1.27425,1.33797,1.27107,1.33462,1.40135,1.33129,1.26472
621,1.28065,1.34468,1.27745,1.21358,1.27425,1.33797,1.27107,1.33462,1.40135,1.33129,1.39785
622,1.28065,1.34468,1.27745,1.21358,1.27425,1.33797,1.27107,1.33462,1.40135,1.47142,1.39785
623,1.28065,1.34468,1.27745,1.21358,1.27425,1.33797,1.27107,1.33462,1.40135,1.47142,1.54499
624,1.28065,1.34468,1.27745,1.21358,1.27425,1.33797,1.40487,1.33462,1.26789,1.2045,1.14427
625,1.28065,1.34468,1.27745,1.21358,1.27425,1.33797,1.40487,1.33462,1.26789,1.2045,1.26472
626,1.28065,1.34468,1.27745,1.21358,1.27425,1.33797,1.40487,1.33462,1.26789,1.33129,1.26472
627,1.28065,1.34468,1.27745,1.21358,1.27425,1.33797,1.40487,1.33462,1.26789,1.33129,1.39785
628,1.28065,1.34468,1.27745,1.21358,1.27425,1.33797,1.40487,1.33462,1.40135,1.33129,1.26472
629,1.28065,1.34468,1.27745,1.21358,1.27425,1.33797,1.40487,1.33462,1.40135,1.33129,1.39785
630,1.28065,1.34468,1.27745,1.21358,1.27425,1.33797,1.40487,1.33462,1.40135,1.47142,1.39785
631,1.28065,1.34468,1.27745,1.21358,1.27425,1.33797,1.40487,1.33462,1.40135,1.47142,1.54499
632,1.28065,1.34468,1.27745,1.21358,1.27425,1.33797,1.40487,1.47511,1.40135,1.33129,1.26472
633,1.28065,1.34468,1.27745,1.21358,1.27425,1.33797,1.40487,1.47511,1.40135,1.33129,1.39785
634,1.28065,1.34468,1.27745,1.21358,1.27425,1.33797,1.40487,1.47511,1.40135,1.47142,1.39785
635,1.28065,1.34468,1.27745,1.21358,1.27425,1.33797,1.40487,1.47511,1.40135,1.47142,1.54499
636,1.28065,1.34468,1.27745,1.21358,1.27425,1.33797,1.40487,1.47511,1.54886,1.47142,1.39785
637,1.28065,1.34468,1.27745,1.21358,1.27425,1.33797,1.40487,1.47511,1.54886,1.47142,1.54499
638,1.28065,1.34468,1.27745,1.21358,1.27425,1.33797,1.40487,1.47511,1.54886,1.62631,1.54499
639,1.28065,1.34468,1.27745,1.21358,1.27425,1.33797,1.40487,1.47511,1.54886,1.62631,1.70762
640,1.28065,1.34468,1.27745,1.34132,1.27425,1.21054,1.15001,1.09251,1.03789,0.98599,0.93669
641,1.28065,1.34468,1.27745,1.34132,1.27425,1.21054,1.15001,1.09251,1.03789,0.98599,1.03529
642,1.28065,1.34468,1.27745,1.34132,1.27425,1.21054,1.15001,1.09251,1.03789,1.08978,1.03529
643,1.28065,1.34468,1.27745,1.34132,1.27425,1.21054,1.15001,1.09251,1.03789,1.08978,1.14427
644,1.28065,1.34468,1.27745,1.34132,1.27425,1.21054,1.15001,1.09251,1.14714,1.08978,1.03529
645,1.28065,1.34468,1.27745,1.34132,1.27425,1.21054,1.15001,1.09251,1.14714,1.08978,1.14427
646,1.28065,1.34468,1.27745,1.34132,1.27425,1.21054,1.15001,1.09251,1.14714,1.2045,1.14427
647,1.28065,1.34468,1.27745,1.34132,1.27425,1.21054,1.15001,1.09251,1.14714,1.2045,1.26472
648,1.28065,1.34468,1.27745,1.34132,1.27425,1.21054,1.15001,1.20752,1.14714,1.08978,1.03529
649,1.28065,1.34468,1.27745,1.34132,1.27425,1.21054,1.15001,1.20752,1.14714,1.08978,1.14427
650,1.28065,1.34468,1.27745,1.34132,1.27425,1.21054,1.15001,1.20752,1.14714,1.2045,1.14427
651,1.28065,1.34468,1.27745,1.34132,1.27425,1.21054,1.15001,1.20752,1.14714,1.2045,1.26472
652,1.28065,1.34468,1.27745,1.34132,1.27425,1.21054,1.15001,1.20752,1.26789,1.2045,1.14427
653,1.28065,1.34468,1.27745,1.34132,1.27425,1.21054,1.15001,1.20752,1.26789,1.2045,1.26472
654,1.28065,1.34468,1.27745,1.34132,1.27425,1.21054,1.15001,1.20752,1.26789,1.33129,1.26472
655,1.28065,1.34468,1.27745,1.34132,1.27425,1.21054,1.15001,1.20752,1.26789,1.33129,1.39785
656,1.28065,1.34468,1.27745,1.34132,1.27425,1.21054,1.27107,1.20752,1.14714,1.08978,1.03529
657,1.28065,1.34468,1.27745,1.34132,1.27425,1.21054,1.27107,1.20752,1.14714,1.08978,1.14427
658,1.28065,1.34468,1.27745,1.34132,1.27425,1.21054,1.27107,1.20752,1.14714,1.2045,1.14427
659,1.28065,1.34468,1.27745,1.34132,1.27425,1.21054,1.27107,1.20752,1.14714,1.2045,1.26472
660,1.28065,1.34468,1.27745,1.34132,1.27425,1.21054,1.27107,1.20752,1.26789,1.2045,1.14427
661,1.28065,1.34468,1.27745,1.34132,1.27425,1.21054,1.27107,1.20752,1.26789,1.2045,1.26472
662,1.28065,1.34468,1.27745,1.34132,1.27425,1.21054,1.27107,1.20752,1.26789,1.33129,1.26472
663,1.28065,1.34468,1.27745,1.34132,1.27425,1.21054,1.27107,1.20752,1.26789,1.33129,1.39785
664,1.28065,1.34468,1.27745,1.34132,1.27425,1.21054,1.27107,1.33462,1.26789,1.2045,1.14427
665,1.28065,1.34468,1.27745,1.34132,1.27425,1.21054,1.27107,1.33462,1.26789,1.2045,1.26472
666,1.28065,1.34468,1.27745,1.34132,1.27425,1.21054,1.27107,1.33462,1.26789,1.33129,1.26472
667,1.28065,1.34468,1.27745,1.34132,1.27425,1.21054,1.27107,1.33462,1.26789,1.33129,1.39785
668,1.28065,1.34468,1.27745,1.34132,1.27425,1.21054,1.27107,1.33462,1.40135,1.33129,1.26472
669,1.28065,1.34468,1.27745,1.34132,1.27425,1.21054,1.27107,1.33462,1.40135,1.33129,1.39785
670,1.28065,1.34468,1.27745,1.34132,1.27425,1.21054,1.27107,1.33462,1.40135,1.47142,1.39785
671,1.28065,1.34468,1.27745,1.34132,1.27425,1.21054,1.27107,1.33462,1.40135,1.47142,1.54499
672,1.28065,1.34468,1.27745,1.34132,1.27425,1.33797,1.27107,1.20752,1.14714,1.08978,1.03529
673,1.28065,1.34468,1.27745,1.34132,1.27425,1.33797,1.27107,1.20752,1.14714,1.08978,1.14427
674,1.28065,1.34468,1.27745,1.34132,1.27425,1.33797,1.27107,1.20752,1.14714,1.2045,1.14427
675,1.28065,1.34468,1.27745,1.34132,1.27425,1.33797,1.27107,1.20752,1.14714,1.2045,1.26472
676,1.28065,1.34468,1.27745,1.34132,1.27425,1.33797,1.27107,1.20752,1.26789,1.2045,1.14427
677,1.28065,1.34468,1.27745,1.34132,1.27425,1.33797,1.27107,1.20752,1.26789,1.2045,1.26472
678,1.28065,1.34468,1.27745,1.34132,1.27425,1.33797,1.27107,1.20752,1.26789,1.33129,1.26472
679,1.28065,1.34468,1.27745,1.34132,1.27425,1.33797,1.27107,1.20752,1.26789,1.33129,1.39785
680,1.28065,1.34468,1.27745,1.34132,1.27425,1.33797,1.27107,1.33462,1.26789,1.2045,1.14427
681,1.28065,1.34468,1.27745,1.34132,1.27425,1.33797,1.27107,1.33462,1.26789,1.2045,1.26472
682,1.28065,1.34468,1.27745,1.34132,1.27425,1.33797,1.27107,1.33462,1.26789,1.33129,1.26472
683,1.28065,1.34468,1.27745,1.34132,1.27425,1.33797,1.27107,1.33462,1.26789,1.33129,1.39785
684,1.28065,1.34468,1.27745,1.34132,1.27425,1.33797,1.27107,1.33462,1.40135,1.33129,1.26472
685,1.28065,1.34468,1.27745,1.34132,1.27425,1.33797,1.27107,1.33462,1.40135,1.33129,1.39785
686,1.28065,1.34468,1.27745,1.34132,1.27425,1.33797,1.27107,1.33462,1.40135,1.47142,1.39785
687,1.28065,1.34468,1.27745,1.34132,1.27425,1.33797,1.27107,1.33462,1.40135,1.47142,1.54499
688,1.28065,1.34468,1.27745,1.34132,1.27425,1.33797,1.40487,1.33462,1.26789,1.2045,1.14427
689,1.28065,1.34468,1.27745,1.34132,1.27425,1.33797,1.40487,1.33462,1.26789,1.2045,1.26472
690,1.28065,1.34468,1.27745,1.34132,1.27425,1.33797,1.40487,1.33462,1.26789,1.33129,1.26472
691,1.28065,1.34468,1.27745,1.34132,1.27425,1.33797,1.40487,1.33462,1.26789,1.33129,1.39785
692,1.28065,1.34468,1.27745,1.34132,1.27425,1.33797,1.40487,1.33462,1.40135,1.33129,1.26472
693,1.28065,1.34468,1.27745,1.34132,1.27425,1.33797,1.40487,1.33462,1.40135,1.33129,1.39785
694,1.28065,1.34468,1.27745,1.34132,1.27425,1.33797,1.40487,1.33462,1.40135,1.47142,1.39785
695,1.28065,1.34468,1.27745,1.34132,1.27425,1.33797,1.40487,1.33462,1.40135,1.47142,1.54499
696,1.28065,1.34468,1.27745,1.34132,1.27425,1.33797,1.40487,1.47511,1.40135,1.33129,1.26472
697,1.28065,1.34468,1.27745,1.34132,1.27425,1.33797,1.40487,1.47511,1.40135,1.33129,1.39785
698,1.28065,1.34468,1.27745,1.34132,1.27425,1.33797,1.40487,1.47511,1.40135,1.47142,1.39785
699,1.28065,1.34468,1.27745,1.34132,1.27425,1.33797,1.40487,1.47511,1.40135,1.47142,1.54499
700,1.28065,1.34468,1.27745,1.34132,1.27425,1.33797,1.40487,1.47511,1.54886,1.47142,1.39785
701,1.28065,1.34468,1.27745,1.34132,1.27425,1.33797,1.40487,1.47511,1.54886,1.47142,1.54499
702,1.28065,1.34468,1.27745,1.34132,1.27425,1.33797,1.40487,1.47511,1.54886,1.62631,1.54499
703,1.28065,1.34468,1.27745,1.34132,1.27425,1.33797,1.40487,1.47511,1.54886,1.62631,1.70762
704,1.28065,1.34468,1.27745,1.34132,1.40839,1.33797,1.27107,1.20752,1.14714,1.08978,1.03529
705,1.28065,1.34468,1.27745,1.34132,1.40839,1.33797,1.27107,1.20752,1.14714,1.08978,1.14427
706,1.28065,1.34468,1.27745,1.34132,1.40839,1.33797,1.27107,1.20752,1.14714,1.2045,1.14427
707,1.28065,1.34468,1.27745,1.34132,1.40839,1.33797,1.27107,1.20752,1.14714,1.2045,1.26472
708,1.28065,1.34468,1.27745,1.34132,1.40839,1.33797,1.27107,1.20752,1.26789,1.2045,1.14427
709,1.28065,1.34468,1.27745,1.34132,1.40839,1.33797,1.27107,1.20752,1.26789,1.2045,1.26472
710,1.28065,1.34468,1.27745,1.34132,1.40839,1.33797,1.27107,1.20752,1.26789,1.33129,1.26472
711,1.28065,1.34468,1.27745,1.34132,1.40839,1.33797,1.27107,1.20752,1.26789,1.33129,1.39785
712,1.28065,1.34468,1.27745,1.34132,1.40839,1.33797,1.27107,1.33462,1.26789,1.2045,1.14427
713,1.28065,1.34468,1.27745,1.34132,1.40839,1.33797,1.27107,1.33462,1.26789,1.2045,1.26472
714,1.28065,1.34468,1.27745,1.34132,1.40839,1.33797,1.27107,1.33462,1.26789,1.33129,1.26472
715,1.28065,1.34468,1.27745,1.34132,1.40839,1.33797,1.27107,1.33462,1.26789,1.33129,1.39785
716,1.28065,1.34468,1.27745,1.34132,1.40839,1.33797,1.27107,1.33462,1.40135,1.33129,1.26472
717,1.28065,1.34468,1.27745,1.34132,1.40839,1.33797,1.27107,1.33462,1.40135,1.33129,1.39785
718,1.28065,1.34468,1.27745,1.34132,1.40839,1.33797,1.27107,1.33462,1.40135,1.47142,1.39785
719,1.28065,1.34468,1.27745,1.34132,1.40839,1.33797,1.27107,1.33462,1.40135,1.47142,1.54499
720,1.28065,1.34468,1.27745,1.34132,1.40839,1.33797,1.40487,1.33462,1.26789,1.2045,1.14427
721,1.28065,1.34468,1.27745,1.34132,1.40839,1.33797,1.40487,1.33462,1.26789,1.2045,1.26472
722,1.28065,1.34468,1.27745,1.34132,1.40839,1.33797,1.40487,1.33462,1.26789,1.33129,1.26472
723,1.28065,1.34468,1.27745,1.34132,1.40839,1.33797,1.40487,1.33462,1.26789,1.33129,1.39785
724,1.28065,1.34468,1.27745,1.34132,1.40839,1.33797,1.40487,1.33462,1.40135,1.33129,1.26472
725,1.28065,1.34468,1.27745,1.34132,1.40839,1.33797,1.40487,1.33462,1.40135,1.33129,1.39785
726,1.28065,1.34468,1.27745,1.34132,1.40839,1.33797,1.40487,1.33462,1.40135,1.47142,1.39785
727,1.28065,1.34468,1.27745,1.34132,1.40839,1.33797,1.40487,1.33462,1.40135,1.47142,1.54499
728,1.28065,1.34468,1.27745,1.34132,1.40839,1.33797,1.40487,1.47511,1.40135,1.33129,1.26472
729,1.28065,1.34468,1.27745,1.34132,1.40839,1.33797,1.40487,1.47511,1.40135,1.33129,1.39785
730,1.28065,1.34468,1.27745,1.34132,1.40839,1.33797,1.40487,1.47511,1.40135,1.47142,1.39785
731,1.28065,1.34468,1.27745,1.34132,1.40839,1.33797,1.40487,1.47511,1.40135,1.47142,1.54499
732,1.28065,1.34468,1.27745,1.34132,1.40839,1.33797,1.40487,1.47511,1.54886,1.47142,1.39785
733,1.28065,1.34468,1.27745,1.34132,1.40839,1.33797,1.40487,1.47511,1.54886,1.47142,1.54499
734,1.28065,1.34468,1.27745,1.34132,1.40839,1.33797,1.40487,1.47511,1.54886,1.62631,1.54499
735,1.28065,1.34468,1.27745,1.34132,1.40839,1.33797,1.40487,1.47511,1.54886,1.62631,1.70762
736,1.28065,1.34468,1.27745,1.34132,1.40839,1.47881,1.40487,1.33462,1.26789,1.2045,1.14427
737,1.28065,1.34468,1.27745,1.34132,1.40839,1.47881,1.40487,1.33462,1.26789,1.2045,1.26472
738,1.28065,1.34468,1.27745,1.34132,1.40839,1.47881,1.40487,1.33462,1.26789,1.33129,1.26472
739,1.28065,1.34468,1.27745,1.34132,1.40839,1.47881,1.40487,1.33462,1.26789,1.33129,1.39785
740,1.28065,1.34468,1.27745,1.34132,1.40839,1.47881,1.40487,1.33462,1.40135,1.33129,1.26472
741,1.28065,1.34468,1.27745,1.34132,1.40839,1.47881,1.40487,1.33462,1.40135,1.33129,1.39785
742,1.28065,1.34468,1.27745,1.34132,1.40839,1.47881,1.40487,1.33462,1.40135,1.47142,1.39785
743,1.28065,1.34468,1.27745,1.34132,1.40839,1.47881,1.40487,1.33462,1.40135,1.47142,1.54499
744,1.28065,1.34468,1.27745,1.34132,1.40839,1.47881,1.40487,1.47511,1.40135,1.33129,1.26472
745,1.28065,1.34468,1.27745,1.34132,1.40839,1.47881,1.40487,1.47511,1.40135,1.33129,1.39785
746,1.28065,1.34468,1.27745,1.34132,1.40839,1.47881,1.40487,1.47511,1.40135,1.47142,1.39785
747,1.28065,1.34468,1.27745,1.34132,1.40839,1.47881,1.40487,1.47511,1.40135,1.47142,1.54499
748,1.28065,1.34468,1.27745,1.34132,1.40839,1.47881,1.40487,1.47511,1.54886,1.47142,1.39785
749,1.28065,1.34468,1.27745,1.34132,1.40839,1.47881,1.40487,1.47511,1.54886,1.47142,1.54499
750,1.28065,1.34468,1.27745,1.34132,1.40839,1.47881,1.40487,1.47511,1.54886,1.62631,1.54499
751,1.28065,1.34468,1.27745,1.34132,1.40839,1.47881,1.40487,1.47511,1.54886,1.62631,1.70762
752,1.28065,1.34468,1.27745,1.34132,1.40839,1.47881,1.55275,1.47511,1.40135,1.33129,1.26472
753,1.28065,1.34468,1.27745,1.34132,1.40839,1.47881,1.55275,1.47511,1.40135,1.33129,1.39785
754,1.28065,1.34468,1.27745,1.34132,1.40839,1.47881,1.55275,1.47511,1.40135,1.47142,1.39785
755,1.28065,1.34468,1.27745,1.34132,1.40839,1.47881,1.55275,1.47511,1.40135,1.47142,1.54499
756,1.28065,1.34468,1.27745,1.34132,1.40839,1.47881,1.55275,1.47511,1.54886,1.47142,1.39785
757,1.28065,1.34468,1.27745,1.34132,1.40839,1.47881,1.55275,1.47511,1.54886,1.47142,1.54499
758,1.28065,1.34468,1.27745,1.34132,1.40839,1.47881,1.55275,1.47511,1.54886,1.62631,1.54499
759,1.28065,1.34468,1.27745,1.34132,1.40839,1.47881,1.55275,1.47511,1.54886,1.62631,1.70762
760,1.28065,1.34468,1.27745,1.34132,1.40839,1.47881,1.55275,1.63038,1.54886,1.47142,1.39785
761,1.28065,1.34468,1.27745,1.34132,1.40839,1.47881,1.55275,1.63038,1.54886,1.47142,1.54499
762,1.28065,1.34468,1.27745,1.34132,1.40839,1.47881,1.55275,1.63038,1.54886,1.62631,1.54499
763,1.28065,1.34468,1.27745,1.34132,1.40839,1.47881,1.55275,1.63038,1.54886,1.62631,1.70762
764,1.28065,1.34468,1.27745,1.34132,1.40839,1.47881,1.55275,1.63038,1.7119,1.62631,1.54499
765,1.28065,1.34468,1.27745,1.34132,1.40839,1.47881,1.55275,1.63038,1.7119,1.62631,1.70762
766,1.28065,1.34468,1.27745,1.34132,1.40839,1.47881,1.55275,1.63038,1.7119,1.7975,1.70762
767,1.28065,1.34468,1.27745,1.34132,1.40839,1.47881,1.55275,1.63038,1.7119,1.7975,1.88737
768,1.28065,1.34468,1.41192,1.34132,1.27425,1.21054,1.15001,1.09251,1.03789,0.98599,0.93669
769,1.28065,1.34468,1.41192,1.34132,1.27425,1.21054,1.15001,1.09251,1.03789,0.98599,1.03529
770,1.28065,1.34468,1.41192,1.34132,1.27425,1.21054,1.15001,1.09251,1.03789,1.08978,1.03529
771,1.28065,1.34468,1.41192,1.34132,1.27425,1.21054,1.15001,1.09251,1.03789,1.08978,1.14427
772,1.28065,1.34468,1.41192,1.34132,1.27425,1.21054,1.15001,1.09251,1.14714,1.08978,1.03529
773,1.28065,1.34468,1.41192,1.34132,1.27425,1.21054,1.15001,1.09251,1.14714,1.08978,1.14427
774,1.28065,1.34468,1.41192,1.34132,1.27425,1.21054,1.15001,1.09251,1.14714,1.2045,1.14427
775,1.28065,1.34468,1.41192,1.34132,1.27425,1.21054,1.15001,1.09251,1.14714,1.2045,1.26472
776,1.28065,1.34468,1.41192,1.34132,1.27425,1.21054,1.15001,1.20752,1.14714,1.08978,1.03529
777,1.28065,1.34468,1.41192,1.34132,1.27425,1.21054,1.15001,1.20752,1.14714,1.08978,1.14427
778,1.28065,1.34468,1.41192,1.34132,1.27425,1.21054,1.15001,1.20752,1.14714,1.2045,1.14427
779,1.28065,1.34468,1.41192,1.34132,1.27425,1.21054,1.15001,1.20752,1.14714,1.2045,1.26472
780,1.28065,1.34468,1.41192,1.34132,1.27425,1.21054,1.15001,1.20752,1.26789,1.2045,1.14427
781,1.28065,1.34468,1.41192,1.34132,1.27425,1.21054,1.15001,1.20752,1.26789,1.2045,1.26472
782,1.28065,1.34468,1.41192,1.34132,1.27425,1.21054,1.15001,1.20752,1.26789,1.33129,1.26472
783,1.28065,1.34468,1.41192,1.34132,1.27425,1.21054,1.15001,1.20752,1.26789,1.33129,1.39785
784,1.28065,1.34468,1.41192,1.34132,1.27425,1.21054,1.27107,1.20752,1.14714,1.08978,1.03529
785,1.28065,1.34468,1.41192,1.34132,1.27425,1.21054,1.27107,1.20752,1.14714,1.08978,1.14427
786,1.28065,1.34468,1.41192,1.34132,1.27425,1.21054,1.27107,1.20752,1.14714,1.2045,1.14427
787,1.28065,1.34468,1.41192,1.34132,1.27425,1.21054,1.27107,1.20752,1.14714,1.2045,1.26472
788,1.28065,1.34468,1.41192,1.34132,1.27425,1.21054,1.27107,1.20752,1.26789,1.2045,1.14427
789,1.28065,1.34468,1.41192,1.34132,1.27425,1.21054,1.27107,1.20752,1.26789,1.2045,1.26472
790,1.28065,1.34468,1.41192,1.34132,1.27425,1.21054,1.27107,1.20752,1.26789,1.33129,1.26472
791,1.28065,1.34468,1.41192,1.34132,1.27425,1.21054,1.27107,1.20752,1.26789,1.33129,1.39785
792,1.28065,1.34468,1.41192,1.34132,1.27425,1.21054,1.27107,1.33462,1.26789,1.2045,1.14427
793,1.28065,1.34468,1.41192,1.34132,1.27425,1.21054,1.27107,1.33462,1.26789,1.2045,1.26472
794,1.28065,1.34468,1.41192,1.34132,1.27425,1.21054,1.27107,1.33462,1.26789,1.33129,1.26472
795,1.28065,1.34468,1.41192,1.34132,1.27425,1.21054,1.27107,1.33462,1.26789,1.33129,1.39785
796,1.28065,1.34468,1.41192,1.34132,1.27425,1.21054,1.27107,1.33462,1.40135,1.33129,1.26472
797,1.28065,1.34468,1.41192,1.34132,1.27425,1.21054,1.27107,1.33462,1.40135,1.33129,1.39785
798,1.28065,1.34468,1.41192,1.34132,1.27425,1.21054,1.27107,1.33462,1.40135,1.47142,1.39785
799,1.28065,1.34468,1.41192,1.34132,1.27425,1.21054,1.27107,1.33462,1.40135,1.47142,1.54499
800,1.28065,1.34468,1.41192,1.34132,1.27425,1.33797,1.27107,1.20752,1.14714,1.08978,1.03529
801,1.28065,1.34468,1.41192,1.34132,1.27425,1.33797,1.27107,1.20752,1.14714,1.08978,1.14427
802,1.28065,1.34468,1.41192,1.34132,1.27425,1.33797,1.27107,1.20752,1.14714,1.2045,1.14427
803,1.28065,1.34468,1.41192,1.34132,1.27425,1.33797,1.27107,1.20752,1.14714,1.2045,1.26472
804,1.28065,1.34468,1.41192,1.34132,1.27425,1.33797,1.27107,1.20752,1.26789,1.2045,1.14427
805,1.28065,1.34468,1.41192,1.34132,1.27425,1.33797,1.27107,1.20752,1.26789,1.2045,1.26472
806,1.28065,1.34468,1.41192,1.34132,1.27425,1.33797,1.27107,1.20752,1.26789,1.33129,1.26472
807,1.28065,1.34468,1.41192,1.34132,1.27425,1.33797,1.27107,1.20752,1.26789,1.33129,1.39785
808,1.28065,1.34468,1.41192,1.34132,1.27425,1.33797,1.27107,1.33462,1.26789,1.2045,1.14427
809,1.28065,1.34468,1.41192,1.34132,1.27425,1.33797,1.27107,1.33462,1.26789,1.2045,1.26472
810,1.28065,1.34468,1.41192,1.34132,1.27425,1.33797,1.27107,1.33462,1.26789,1.33129,1.26472
811,1.28065,1.34468,1.41192,1.34132,1.27425,1.33797,1.27107,1.33462,1.26789,1.33129,1.39785
812,1.28065,1.34468,1.41192,1.34132,1.27425,1.33797,1.27107,1.33462,1.40135,1.33129,1.26472
813,1.28065,1.34468,1.41192,1.34132,1.27425,1.33797,1.27107,1.33462,1.40135,1.33129,1.39785
814,1.28065,1.34468,1.41192,1.34132,1.27425,1.33797,1.27107,1.33462,1.40135,1.47142,1.39785
815,1.28065,1.34468,1.41192,1.34132,1.27425,1.33797,1.27107,1.33462,1.40135,1.47142,1.54499
816,1.28065,1.34468,1.41192,1.34132,1.27425,1.33797,1.40487,1.33462,1.26789,1.2045,1.14427
817,1.28065,1.34468,1.41192,1.34132,1.27425,1.33797,1.40487,1.33462,1.26789,1.2045,1.26472
818,1.28065,1.34468,1.41192,1.34132,1.27425,1.33797,1.40487,1.33462,1.26789,1.33129,1.26472
819,1.28065,1.34468,1.41192,1.34132,1.27425,1.33797,1.40487,1.33462,1.26789,1.33129,1.39785
820,1.28065,1.34468,1.41192,1.34132,1.27425,1.33797,1.40487,1.33462,1.40135,1.33129,1.26472
821,1.28065,1.34468,1.41192,1.34132,1.27425,1.33797,1.40487,1.33462,1.40135,1.33129,1.39785
822,1.28065,1.34468,1.41192,1.34132,1.27425,1.33797,1.40487,1.33462,1.40135,1.47142,1.39785
823,1.28065,1.34468,1.41192,1.34132,1.27425,1.33797,1.40487,1.33462,1.40135,1.47142,1.54499
824,1.28065,1.34468,1.41192,1.34132,1.27425,1.33797,1.40487,1.47511,1.40135,1.33129,1.26472
825,1.28065,1.34468,1.41192,1.34132,1.27425,1.33797,1.40487,1.47511,1.40135,1.33129,1.39785
826,1.28065,1.34468,1.41192,1.34132,1.27425,1.33797,1.40487,1.47511,1.40135,1.47142,1.39785
827,1.28065,1.34468,1.41192,1.34132,1.27425,1.33797,1.40487,1.47511,1.40135,1.47142,1.54499
828,1.28065,1.34468,1.41192,1.34132,1.27425,1.33797,1.40487,1.47511,1.54886,1.47142,1.39785
829,1.28065,1.34468,1.41192,1.34132,1.27425,1.33797,1.40487,1.47511,1.54886,1.47142,1.54499
830,1.28065,1.34468,1.41192,1.34132,1.27425,1.33797,1.40487,1.47511,1.54886,1.62631,1.54499
831,1.28065,1.34468,1.41192,1.34132,1.27425,1.33797,1.40487,1.47511,1.54886,1.62631,1.70762
832,1.28065,1.34468,1.41192,1.34132,1.40839,1.33797,1.27107,1.20752,1.14714,1.08978,1.03529
833,1.28065,1.34468,1.41192,1.34132,1.40839,1.33797,1.27107,1.20752,1.14714,1.08978,1.14427
834,1.28065,1.34468,1.41192,1.34132,1.40839,1.33797,1.27107,1.20752,1.14714,1.2045,1.14427
835,1.28065,1.34468,1.41192,1.34132,1.40839,1.33797,1.27107,1.20752,1.14714,1.2045,1.26472
836,1.28065,1.34468,1.41192,1.34132,1.40839,1.33797,1.27107,1.20752,1.26789,1.2045,1.14427
837,1.28065,1.34468,1.41192,1.34132,1.40839,1.33797,1.27107,1.20752,1.26789,1.2045,1.26472
838,1.28065,1.34468,1.41192,1.34132,1.40839,1.33797,1.27107,1.20752,1.26789,1.33129,1.26472
839,1.28065,1.34468,1.41192,1.34132,1.40839,1.33797,1.27107,1.20752,1.26789,1.33129,1.39785
840,1.28065,1.34468,1.41192,1.34132,1.40839,1.33797,1.27107,1.33462,1.26789,1.2045,1.14427
841,1.28065,1.34468,1.41192,1.34132,1.40839,1.33797,1.27107,1.33462,1.26789,1.2045,1.26472
842,1.28065,1.34468,1.41192,1.34132,1.40839,1.33797,1.27107,1.33462,1.26789,1.33129,1.26472
843,1.28065,1.34468,1.41192,1.34132,1.40839,1.33797,1.27107,1.33462,1.26789,1.33129,1.39785
844,1.28065,1.34468,1.41192,1.34132,1.40839,1.33797,1.27107,1.33462,1.40135,1.33129,1.26472
845,1.28065,1.34468,1.41192,1.34132,1.40839,1.33797,1.27107,1.33462,1.40135,1.33129,1.39785
846,1.28065,1.34468,1.41192,1.34132,1.40839,1.33797,1.27107,1.33462,1.40135,1.47142,1.39785
847,1.28065,1.34468,1.41192,1.34132,1.40839,1.33797,1.27107,1.33462,1.40135,1.47142,1.54499
848,1.28065,1.34468,1.41192,1.34132,1.40839,1.33797,1.40487,1.33462,1.26789,1.2045,1.14427
849,1.28065,1.34468,1.41192,1.34132,1.40839,1.33797,1.40487,1.33462,1.26789,1.2045,1.26472
850,1.28065,1.34468,1.41192,1.34132,1.40839,1.33797,1.40487,1.33462,1.26789,1.33129,1.26472
851,1.28065,1.34468,1.41192,1.34132,1.40839,1.33797,1.40487,1.33462,1.26789,1.33129,1.39785
852,1.28065,1.34468,1.41192,1.34132,1.40839,1.33797,1.40487,1.33462,1.40135,1.33129,1.26472
853,1.28065,1.34468,1.41192,1.34132,1.40839,1.33797,1.40487,1.33462,1.40135,1.33129,1.39785
854,1.28065,1.34468,1.41192,1.34132,1.40839,1.33797,1.40487,1.33462,1.40135,1.47142,1.39785
855,1.28065,1.34468,1.41192,1.34132,1.40839,1.33797,1.40487,1.33462,1.40135,1.47142,1.54499
856,1.28065,1.34468,1.41192,1.34132,1.40839,1.33797,1.40487,1.47511,1.40135,1.33129,1.26472
857,1.28065,1.34468,1.41192,1.34132,1.40839,1.33797,1.40487,1.47511,1.40135,1.33129,1.39785
858,1.28065,1.34468,1.41192,1.34132,1.40839,1.33797,1.40487,1.47511,1.40135,1.47142,1.39785
859,1.28065,1.34468,1.41192,1.34132,1.40839,1.33797,1.40487,1.47511,1.40135,1.47142,1.54499
860,1.28065,1.34468,1.41192,1.34132,1.40839,1.33797,1.40487,1.47511,1.54886,1.47142,1.39785
861,1.28065,1.34468,1.41192,1.34132,1.40839,1.33797,1.40487,1.47511,1.54886,1.47142,1.54499
862,1.28065,1.34468,1.41192,1.34132,1.40839,1.33797,1.40487,1.47511,1.54886,1.62631,1.54499
863,1.28065,1.34468,1.41192,1.34132,1.40839,1.33797,1.40487,1.47511,1.54886,1.62631,1.70762
864,1.28065,1.34468,1.41192,1.34132,1.40839,1.47881,1.40487,1.33462,1.26789,1.2045,1.14427
865,1.28065,1.34468,1.41192,1.34132,1.40839,1.47881,1.40487,1.33462,1.26789,1.2045,1.26472
866,1.28065,1.34468,1.41192,1.34132,1.40839,1.47881,1.40487,1.33462,1.26789,1.33129,1.26472
867,1.28065,1.34468,1.41192,1.34132,1.40839,1.47881,1.40487,1.33462,1.26789,1.33129,1.39785
868,1.28065,1.34468,1.41192,1.34132,1.40839,1.47881,1.40487,1.33462,1.40135,1.33129,1.26472
869,1.28065,1.34468,1.41192,1.34132,1.40839,1.47881,1.40487,1.33462,1.40135,1.33129,1.39785
870,1.28065,1.34468,1.41192,1.34132,1.40839,1.47881,1.40487,1.33462,1.40135,1.47142,1.39785
871,1.28065,1.34468,1.41192,1.34132,1.40839,1.47881,1.40487,1.33462,1.40135,1.47142,1.54499
872,1.28065,1.34468,1.41192,1.34132,1.40839,1.47881,1.40487,1.47511,1.40135,1.33129,1.26472
873,1.28065,1.34468,1.41192,1.34132,1.40839,1.47881,1.40487,1.47511,1.40135,1.33129,1.39785
874,1.28065,1.34468,1.41192,1.34132,1.40839,1.47881,1.40487,1.47511,1.40135,1.47142,1.39785
875,1.28065,1.34468,1.41192,1.34132,1.40839,1.47881,1.40487,1.47511,1.40135,1.47142,1.54499
876,1.28065,1.34468,1.41192,1.34132,1.40839,1.47881,1.40487,1.47511,1.54886,1.47142,1.39785
877,1.28065,1.34468,1.41192,1.34132,1.40839,1.47881,1.40487,1.47511,1.54886,1.47142,1.54499
878,1.28065,1.34468,1.41192,1.34132,1.40839,1.47881,1.40487,1.47511,1.54886,1.62631,1.54499
879,1.28065,1.34468,1.41192,1.34132,1.40839,1.47881,1.40487,1.47511,1.54886,1.62631,1.70762
880,1.28065,1.34468,1.41192,1.34132,1.40839,1.47881,1.55275,1.47511,1.40135,1.33129,1.26472
881,1.28065,1.34468,1.41192,1.34132,1.40839,1.47881,1.55275,1.47511,1.40135,1.33129,1.39785
882,1.28065,1.34468,1.41192,1.34132,1.40839,1.47881,1.55275,1.47511,1.40135,1.47142,1.39785
883,1.28065,1.34468,1.41192,1.34132,1.40839,1.47881,1.55275,1.47511,1.40135,1.47142,1.54499
884,1.28065,1.34468,1.41192,1.34132,1.40839,1.47881,1.55275,1.47511,1.54886,1.47142,1.39785
885,1.28065,1.34468,1.41192,1.34132,1.40839,1.47881,1.55275,1.47511,1.54886,1.47142,1.54499
886,1.28065,1.34468,1.41192,1.34132,1.40839,1.47881,1.55275,1.47511,1.54886,1.62631,1.54499
887,1.28065,1.34468,1.41192,1.34132,1.40839,1.47881,1.55275,1.47511,1.54886,1.62631,1.70762
888,1.28065,1.34468,1.41192,1.34132,1.40839,1.47881,1.55275,1.63038,1.54886,1.47142,1.39785
889,1.28065,1.34468,1.41192,1.34132,1.40839,1.47881,1.55275,1.63038,1.54886,1.47142,1.54499
890,1.28065,1.34468,1.41192,1.34132,1.40839,1.47881,1.55275,1.63038,1.54886,1.62631,1.54499
891,1.28065,1.34468,1.41192,1.34132,1.40839,1.47881,1.55275,1.63038,1.54886,1.62631,1.70762
892,1.28065,1.34468,1.41192,1.34132,1.40839,1.47881,1.55275,1.63038,1.7119,1.62631,1.54499
893,1.28065,1.34468,1.41192,1.34132,1.40839,1.47881,1.55275,1.63038,1.7119,1.62631,1.70762
894,1.28065,1.34468,1.41192,1.34132,1.40839,1.47881,1.55275,1.63038,1.7119,1.7975,1.70762
895,1.28065,1.34468,1.41192,1.34132,1.40839,1.47881,1.55275,1.63038,1.7119,1.7975,1.88737
896,1.28065,1.34468,1.41192,1.48251,1.40839,1.33797,1.27107,1.20752,1.14714,1.08978,1.03529
897,1.28065,1.34468,1.41192,1.48251,1.40839,1.33797,1.27107,1.20752,1.14714,1.08978,1.14427
898,1.28065,1.34468,1.41192,1.48251,1.40839,1.33797,1.27107,1.20752,1.14714,1.2045,1.14427
899,1.28065,1.34468,1.41192,1.48251,1.40839,1.33797,1.27107,1.20752,1.14714,1.2045,1.26472
900,1.28065,1.34468,1.41192,1.48251,1.40839,1.33797,1.27107,1.20752,1.26789,1.2045,1.14427
901,1.28065,1.34468,1.41192,1.48251,1.40839,1.33797,1.27107,1.20752,1.26789,1.2045,1.26472
902,1.28065,1.34468,1.41192,1.48251,1.40839,1.33797,1.27107,1.20752,1.26789,1.33129,1.26472
903,1.28065,1.34468,1.41192,1.48251,1.40839,1.33797,1.27107,1.20752,1.26789,1.33129,1.39785
904,1.28065,1.34468,1.41192,1.48251,1.40839,1.33797,1.27107,1.33462,1.26789,1.2045,1.14427
905,1.28065,1.34468,1.41192,1.48251,1.40839,1.33797,1.27107,1.33462,1.26789,1.2045,1.26472
906,1.28065,1.34468,1.41192,1.48251,1.40839,1.33797,1.27107,1.33462,1.26789,1.33129,1.26472
907,1.28065,1.34468,1.41192,1.48251,1.40839,1.33797,1.27107,1.33462,1.26789,1.33129,1.39785
908,1.28065,1.34468,1.41192,1.48251,1.40839,1.33797,1.27107,1.33462,1.40135,1.33129,1.26472
909,1.28065,1.34468,1.41192,1.48251,1.40839,1.33797,1.27107,1.33462,1.40135,1.33129,1.39785
910,1.28065,1.34468,1.41192,1.48251,1.40839,1.33797,1.27107,1.33462,1.40135,1.47142,1.39785
911,1.28065,1.34468,1.41192,1.48251,1.40839,1.33797,1.27107,1.33462,1.40135,1.47142,1.54499
912,1.28065,1.34468,1.41192,1.48251,1.40839,1.33797,1.40487,1.33462,1.26789,1.2045,1.14427
913,1.28065,1.34468,1.41192,1.48251,1.40839,1.33797,1.40487,1.33462,1.26789,1.2045,1.26472
914,1.28065,1.34468,1.41192,1.48251,1.40839,1.33797,1.40487,1.33462,1.26789,1.33129,1.26472
915,1.28065,1.34468,1.41192,1.48251,1.40839,1.33797,1.40487,1.33462,1.26789,1.33129,1.39785
916,1.28065,1.34468,1.41192,1.48251,1.40839,1.33797,1.40487,1.33462,1.40135,1.33129,1.26472
917,1.28065,1.34468,1.41192,1.48251,1.40839,1.33797,1.40487,1.33462,1.40135,1.33129,1.39785
918,1.28065,1.34468,1.41192,1.48251,1.40839,1.33797,1.40487,1.33462,1.40135,1.47142,1.39785
919,1.28065,1.34468,1.41192,1.48251,1.40839,1.33797,1.40487,1.33462,1.40135,1.47142,1.54499
920,1.28065,1.34468,1.41192,1.48251,1.40839,1.33797,1.40487,1.47511,1.40135,1.33129,1.26472
921,1.28065,1.34468,1.41192,1.48251,1.40839,1.33797,1.40487,1.47511,1.40135,1.33129,1.39785
922,1.28065,1.34468,1.41192,1.48251,1.40839,1.33797,1.40487,1.47511,1.40135,1.47142,1.39785
923,1.28065,1.34468,1.41192,1.48251,1.40839,1.33797,1.40487,1.47511,1.40135,1.47142,1.54499
924,1.28065,1.34468,1.41192,1.48251,1.40839,1.33797,1.40487,1.47511,1.54886,1.47142,1.39785
925,1.28065,1.34468,1.41192,1.48251,1.40839,1.33797,1.40487,1.47511,1.54886,1.47142,1.54499
926,1.28065,1.34468,1.41192,1.48251,1.40839,1.33797,1.40487,1.47511,1.54886,1.62631,1.54499
927,1.28065,1.34468,1.41192,1.48251,1.40839,1.33797,1.40487,1.47511,1.54886,1.62631,1.70762
928,1.28065,1.34468,1.41192,1.48251,1.40839,1.47881,1.40487,1.33462,1.26789,1.2045,1.14427
929,1.28065,1.34468,1.41192,1.48251,1.40839,1.47881,1.40487,1.33462,1.26789,1.2045,1.26472
930,1.28065,1.34468,1.41192,1.48251,1.40839,1.47881,1.40487,1.33462,1.26789,1.33129,1.26472
931,1.28065,1.34468,1.41192,1.48251,1.40839,1.47881,1.40487,1.33462,1.26789,1.33129,1.39785
932,1.28065,1.34468,1.41192,1.48251,1.40839,1.47881,1.40487,1.33462,1.40135,1.33129,1.26472
933,1.28065,1.34468,1.41192,1.48251,1.40839,1.47881,1.40487,1.33462,1.40135,1.33129,1.39785
934,1.28065,1.34468,1.41192,1.48251,1.40839,1.47881,1.40487,1.33462,1.40135,1.47142,1.39785
935,1.28065,1.34468,1.41192,1.48251,1.40839,1.47881,1.40487,1.33462,1.40135,1.47142,1.54499
936,1.28065,1.34468,1.41192,1.48251,1.40839,1.47881,1.40487,1.47511,1.40135,1.33129,1.26472
937,1.28065,1.34468,1.41192,1.48251,1.40839,1.47881,1.40487,1.47511,1.40135,1.33129,1.39785
938,1.28065,1.34468,1.41192,1.48251,1.40839,1.47881,1.40487,1.47511,1.40135,1.47142,1.39785
939,1.28065,1.34468,1.41192,1.48251,1.40839,1.47881,1.40487,1.47511,1.40135,1.47142,1.54499
940,1.28065,1.34468,1.41192,1.48251,1.40839,1.47881,1.40487,1.47511,1.54886,1.47142,1.39785
941,1.28065,1.34468,1.41192,1.48251,1.40839,1.47881,1.40487,1.47511,1.54886,1.47142,1.54499
942,1.28065,1.34468,1.41192,1.48251,1.40839,1.47881,1.40487,1.47511,1.54886,1.62631,1.54499
943,1.28065,1.34468,1.41192,1.48251,1.40839,1.47881,1.40487,1.47511,1.54886,1.62631,1.70762
944,1.28065,1.34468,1.41192,1.48251,1.40839,1.47881,1.55275,1.47511,1.40135,1.33129,1.26472
945,1.28065,1.34468,1.41192,1.48251,1.40839,1.47881,1.55275,1.47511,1.40135,1.33129,1.39785
946,1.28065,1.34468,1.41192,1.48251,1.40839,1.47881,1.55275,1.47511,1.40135,1.47142,1.39785
947,1.28065,1.34468,1.41192,1.48251,1.40839,1.47881,1.55275,1.47511,1.40135,1.47142,1.54499
948,1.28065,1.34468,1.41192,1.48251,1.40839,1.47881,1.55275,1.47511,1.54886,1.47142,1.39785
949,1.28065,1.34468,1.41192,1.48251,1.40839,1.47881,1.55275,1.47511,1.54886,1.47142,1.54499
950,1.28065,1.34468,1.41192,1.48251,1.40839,1.47881,1.55275,1.47511,1.54886,1.62631,1.54499
951,1.28065,1.34468,1.41192,1.48251,1.40839,1.47881,1.55275,1.47511,1.54886,1.62631,1.70762
952,1.28065,1.34468,1.41192,1.48251,1.40839,1.47881,1.55275,1.63038,1.54886,1.47142,1.39785
953,1.28065,1.34468,1.41192,1.48251,1.40839,1.47881,1.55275,1.63038,1.54886,1.47142,1.54499
954,1.28065,1.34468,1.41192,1.48251,1.40839,1.47881,1.55275,1.63038,1.54886,1.62631,1.54499
955,1.28065,1.34468,1.41192,1.48251,1.40839,1.47881,1.55275,1.63038,1.54886,1.62631,1.70762
956,1.28065,1.34468,1.41192,1.48251,1.40839,1.47881,1.55275,1.63038,1.7119,1.62631,1.54499
957,1.28065,1.34468,1.41192,1.48251,1.40839,1.47881,1.55275,1.63038,1.7119,1.62631,1.70762
958,1.28065,1.34468,1.41192,1.48251,1.40839,1.47881,1.55275,1.63038,1.7119,1.7975,1.70762
959,1.28065,1.34468,1.41192,1.48251,1.40839,1.47881,1.55275,1.63038,1.7119,1.7975,1.88737
960,1.28065,1.34468,1.41192,1.48251,1.55664,1.47881,1.40487,1.33462,1.26789,1.2045,1.14427
961,1.28065,1.34468,1.41192,1.48251,1.55664,1.47881,1.40487,1.33462,1.26789,1.2045,1.26472
962,1.28065,1.34468,1.41192,1.48251,1.55664,1.47881,1.40487,1.33462,1.26789,1.33129,1.26472
963,1.28065,1.34468,1.41192,1.48251,1.55664,1.47881,1.40487,1.33462,1.26789,1.33129,1.39785
964,1.28065,1.34468,1.41192,1.48251,1.55664,1.47881,1.40487,1.33462,1.40135,1.33129,1.26472
965,1.28065,1.34468,1.41192,1.48251,1.55664,1.47881,1.40487,1.33462,1.40135,1.33129,1.39785
966,1.28065,1.34468,1.41192,1.48251,1.55664,1.47881,1.40487,1.33462,1.40135,1.47142,1.39785
967,1.28065,1.34468,1.41192,1.48251,1.55664,1.47881,1.40487,1.33462,1.40135,1.47142,1.54499
968,1.28065,1.34468,1.41192,1.48251,1.55664,1.47881,1.40487,1.47511,1.40135,1.33129,1.26472
969,1.28065,1.34468,1.41192,1.48251,1.55664,1.47881,1.40487,1.47511,1.40135,1.33129,1.39785
970,1.28065,1.34468,1.41192,1.48251,1.55664,1.47881,1.40487,1.47511,1.40135,1.47142,1.39785
971,1.28065,1.34468,1.41192,1.48251,1.55664,1.47881,1.40487,1.47511,1.40135,1.47142,1.54499
972,1.28065,1.34468,1.41192,1.48251,1.55664,1.47881,1.40487,1.47511,1.54886,1.47142,1.39785
973,1.28065,1.34468,1.41192,1.48251,1.55664,1.47881,1.40487,1.47511,1.54886,1.47142,1.54499
974,1.28065,1.34468,1.41192,1.48251,1.55664,1.47881,1.40487,1.47511,1.54886,1.62631,1.54499
975,1.28065,1.34468,1.41192,1.48251,1.55664,1.47881,1.40487,1.47511,1.54886,1.62631,1.70762
976,1.28065,1.34468,1.41192,1.48251,1.55664,1.47881,1.55275,1.47511,1.40135,1.33129,1.26472
977,1.28065,1.34468,1.41192,1.48251,1.55664,1.47881,1.55275,1.47511,1.40135,1.33129,1.39785
978,1.28065,1.34468,1.41192,1.48251,1.55664,1.47881,1.55275,1.47511,1.40135,1.47142,1.39785
979,1.28065,1.34468,1.41192,1.48251,1.55664,1.47881,1.55275,1.47511,1.40135,1.47142,1.54499
980,1.28065,1.34468,1.41192,1.48251,1.55664,1.47881,1.55275,1.47511,1.54886,1.47142,1.39785
981,1.28065,1.34468,1.41192,1.48251,1.55664,1.47881,1.55275,1.47511,1.54886,1.47142,1.54499
982,1.28065,1.34468,1.41192,1.48251,1.55664,1.47881,1.55275,1.47511,1.54886,1.62631,1.54499
983,1.28065,1.34468,1.41192,1.48251,1.55664,1.47881,1.55275,1.47511,1.54886,1.62631,1.70762
984,1.28065,1.34468,1.41192,1.48251,1.55664,1.47881,1.55275,1.63038,1.54886,1.47142,1.39785
985,1.28065,1.34468,1.41192,1.48251,1.55664,1.47881,1.55275,1.63038,1.54886,1.47142,1.54499
986,1.28065,1.34468,1.41192,1.48251,1.55664,1.47881,1.55275,1.63038,1.54886,1.62631,1.54499
987,1.28065,1.34468,1.41192,1.48251,1.55664,1.47881,1.55275,1.63038,1.54886,1.62631,1.70762
988,1.28065,1.34468,1.41192,1.48251,1.55664,1.47881,1.55275,1.63038,1.7119,1.62631,1.54499
989,1.28065,1.34468,1.41192,1.48251,1.55664,1.47881,1.55275,1.63038,1.7119,1.62631,1.70762
990,1.28065,1.34468,1.41192,1.48251,1.55664,1.47881,1.55275,1.63038,1.7119,1.7975,1.70762
991,1.28065,1.34468,1.41192,1.48251,1.55664,1.47881,1.55275,1.63038,1.7119,1.7975,1.88737
992,1.28065,1.34468,1.41192,1.48251,1.55664,1.63447,1.55275,1.47511,1.40135,1.33129,1.26472
993,1.28065,1.34468,1.41192,1.48251,1.55664,1.63447,1.55275,1.47511,1.40135,1.33129,1.39785
994,1.28065,1.34468,1.41192,1.48251,1.55664,1.63447,1.55275,1.47511,1.40135,1.47142,1.39785
995,1.28065,1.34468,1.41192,1.48251,1.55664,1.63447,1.55275,1.47511,1.40135,1.47142,1.54499
996,1.28065,1.34468,1.41192,1.48251,1.55664,1.63447,1.55275,1.47511,1.54886,1.47142,1.39785
997,1.28065,1.34468,1.41192,1.48251,1.55664,1.63447,1.55275,1.47511,1.54886,1.47142,1.54499
998,1.28065,1.34468,1.41192,1.48251,1.55664,1.63447,1.55275,1.47511,1.54886,1.62631,1.54499
999,1.28065,1.34468,1.41192,1.48251,1.55664,1.63447,1.55275,1.47511,1.54886,1.62631,1.70762
1000,1.28065,1.34468,1.41192,1.48251,1.55664,1.63447,1.55275,1.63038,1.54886,1.47142,1.39785
1001,1.28065,1.34468,1.41192,1.48251,1.55664,1.63447,1.55275,1.63038,1.54886,1.47142,1.54499
1002,1.28065,1.34468,1.41192,1.48251,1.55664,1.63447,1.55275,1.63038,1.54886,1.62631,1.54499
1003,1.28065,1.34468,1.41192,1.48251,1.55664,1.63447,1.55275,1.63038,1.54886,1.62631,1.70762
1004,1.28065,1.34468,1.41192,1.48251,1.55664,1.63447,1.55275,1.63038,1.7119,1.62631,1.54499
1005,1.28065,1.34468,1.41192,1.48251,1.55664,1.63447,1.55275,1.63038,1.7119,1.62631,1.70762
1006,1.28065,1.34468,1.41192,1.48251,1.55664,1.63447,1.55275,1.63038,1.7119,1.7975,1.70762
1007,1.28065,1.34468,1.41192,1.48251,1.55664,1.63447,1.55275,1.63038,1.7119,1.7975,1.88737
1008,1.28065,1.34468,1.41192,1.48251,1.55664,1.63447,1.71619,1.63038,1.54886,1.47142,1.39785
1009,1.28065,1.34468,1.41192,1.48251,1.55664,1.63447,1.71619,1.63038,1.54886,1.47142,1.54499
1010,1.28065,1.34468,1.41192,1.48251,1.55664,1.63447,1.71619,1.63038,1.54886,1.62631,1.54499
1011,1.28065,1.34468,1.41192,1.48251,1.55664,1.63447,1.71619,1.63038,1.54886,1.62631,1.70762
1012,1.28065,1.34468,1.41192,1.48251,1.55664,1.63447,1.71619,1.63038,1.7119,1.62631,1.54499
1013,1.28065,1.34468,1.41192,1.48251,1.55664,1.63447,1.71619,1.63038,1.7119,1.62631,1.70762
1014,1.28065,1.34468,1.41192,1.48251,1.55664,1.63447,1.71619,1.63038,1.7119,1.7975,1.70762
1015,1.28065,1.34468,1.41192,1.48251,1.55664,1.63447,1.71619,1.63038,1.7119,1.7975,1.88737
1016,1.28065,1.34468,1.41192,1.48251,1.55664,1.63447,1.71619,1.802,1.7119,1.62631,1.54499
1017,1.28065,1.34468,1.41192,1.48251,1.55664,1.63447,1.71619,1.802,1.7119,1.62631,1.70762
1018,1.28065,1.34468,1.41192,1.48251,1.55664,1.63447,1.71619,1.802,1.7119,1.7975,1.70762
1019,1.28065,1.34468,1.41192,1.48251,1.55664,1.63447,1.71619,1.802,1.7119,1.7975,1.88737
1020,1.28065,1.34468,1.41192,1.48251,1.55664,1.63447,1.71619,1.802,1.8921,1.7975,1.70762
1021,1.28065,1.34468,1.41192,1.48251,1.55664,1.63447,1.71619,1.802,1.8921,1.7975,1.88737
1022,1.28065,1.34468,1.41192,1.48251,1.55664,1.63447,1.71619,1.802,1.8921,1.98671,1.88737
1023,1.28065,1.34468,1.41192,1.48251,1.55664,1.63447,1.71619,1.802,1.8921,1.98671,2.08604
